tweet;waktu;user
RT @D14h_Soew4rn02: Nggenjot pemasukan negara ditengah pandemi corona dgn mengundang turis sama sj membunuhi rakyat. Keselamatan bangsa dia…;Sun Apr 19 08:35:01 +0000 2020;27Zaziza
Kalo keadaan kayak gini pemerintah minta tolong ke masyarakat untuk kerjasama buat social distancing, tapi ntar kal… https://t.co/d0IGSEOYf0;Sun Apr 19 08:07:05 +0000 2020;MasfufahHasanah
"Rakyat menderita,
Pemerintah dirumahsaja tapi pendanaan selalu tersedia,
Karena korupsi masih di bungkam dan semaki… https://t.co/xWKgkH44pM";Sun Apr 19 07:41:04 +0000 2020;IdrusAbdillah2
"RT @FathraNazrul: Tunjangan Guru PNS Disunat, Irwan Lontarkan Kritik Menyengat 
#Guru
#CoronaBungkamSkandalKorupsi
#TurunkanHargaBBM
#Indon…";Sun Apr 19 07:39:12 +0000 2020;jito_sub
#CoronaBungkamSkandalKorupsi;Sun Apr 19 06:42:31 +0000 2020;zoelsalim
RT @andre_nuaba: Haru penuh empati melihat mereka masih harus melawan rasa takut pada Covid-19 demi menyambung hidup dan asa. Ya, ini berat…;Sun Apr 19 06:41:59 +0000 2020;Madebayu56Made
"Tunjangan Guru PNS Disunat, Irwan Lontarkan Kritik Menyengat 
#Guru
#CoronaBungkamSkandalKorupsi
#TurunkanHargaBBM… https://t.co/3ghDR6Obvc";Sun Apr 19 06:41:58 +0000 2020;FathraNazrul
"Arief Poyuono Mengaitkan Munculnya Cacing Tanah dengan Jokowi 
#CacingTanah
#CoronaBungkamSkandalKorupsi… https://t.co/72whyqlzxi";Sun Apr 19 06:39:12 +0000 2020;FathraNazrul
"Hasil Jajak Pendapat Fahri Hamzah, Rakyat Tak Butuh Penjelasan! 
#BebaskanSitiFadilah
#LawanMafiaKesehatan… https://t.co/YY4FpDq34S";Sun Apr 19 06:36:06 +0000 2020;FathraNazrul
"Udah nonggak, ga keluar ampir 2bln, bah . ... Nasip jomblooo??????
#CoronaJancok #CoronaBungkamSkandalKorupsi… https://t.co/hc8vPuFkU8";Sun Apr 19 06:29:08 +0000 2020;sandyiee_
"Tambahan PR, sumbangan dari Pusat kakak pembina berapa? 

Cuma 1x bagi2 utk org2 jalanan di bogor itu doang?… https://t.co/zUrdBfy2vH";Sun Apr 19 05:52:09 +0000 2020;gatotmulyono31
"@pertamina kapan #TurunkanHargaBBM 
#TurunkanHargaBBM #TurunkanHargaBBM #CoronaBungkamSkandalKorupsi";Sun Apr 19 04:37:06 +0000 2020;ashepmillan
Gangerti sama kebijakan pemerintah pelepasan napi dalam asimilasi corona, pada akhirnya banyak napi yg berbuat keja… https://t.co/CvBBQKOESP;Sun Apr 19 04:04:58 +0000 2020;afrial_chalid
"Ketika masalah datang padaku 
Kan ku hadapi sendiri
Bukan soal kamu atau mereka
Melainkan semua hanya pelipur lara… https://t.co/BlK58gNDBx";Sun Apr 19 03:58:46 +0000 2020;WaSaidu
RT @sadad_aidi: Silahkan Madu asli ?? % tanpa campuran gula, sakarin, boraks Apalagi alkohol. Insyaallah kami jual harga murah dengan yang l…;Sun Apr 19 03:51:03 +0000 2020;yusuf_ch
"Karya anak bangsa
#StafsusOtakKoruptor 
#CoronaBungkamSkandalKorupsi https://t.co/vU3ri7vqcb";Sun Apr 19 03:46:19 +0000 2020;koempulbersama
"@budimandjatmiko Alhamdulillah Indonesia masuk 30 besar  ????
Cuma kelakuan para Panitia Komisioner, nama Indonesia d… https://t.co/Wi2tjvaxiG";Sun Apr 19 03:34:57 +0000 2020;Hang_Tuah_
"RT @acongtuh_: Kuy PreOrder!
Sablon plastisol ink
Bahan cotton combed 30's

#fightingpandemics
#corona
#COVID19
#CoronaIndonesia
#sablonpla…";Sun Apr 19 03:30:36 +0000 2020;fachryhmzh
"Kok bisa

Negara bayak pinter

Jurus Vietnam Nol Kematian Corona  https://t.co/7fAYAkirkt 

#JKW_LBPHarusDihentikan… https://t.co/IEye3STNXX";Sun Apr 19 03:18:51 +0000 2020;Ramadha05649419
"Karena guru bukan stafsus
#BubarkanStafsusPresiden
#StafsusOtakKoruptor #LawanCovid19 #Lawyerdiary… https://t.co/XCmRSYTeSf";Sun Apr 19 03:17:17 +0000 2020;arief_uniteak
"Akhir² ini grafik kriminalitas mencapai titik kenaikan yang signifikan. Siapakah dalang dibalik nya..
Yang dipenjar… https://t.co/NmJPphnsY4";Sun Apr 19 03:04:22 +0000 2020;zainal_arifin31
"@Jhonkosmik @sendyalfa24 Oh ya  pak gimana kabar korupsi 
KTP elektronik...
#CoronaBungkamSkandalKorupsi";Sun Apr 19 03:03:53 +0000 2020;totosalehl
"RT @demoSoCRAZY: Pemerintah Beri Dana Triliunan Untuk Ruangguru

??@msaid_didu : Baru Kali Ini Nepotisme Dipertontonkan Istana Secara Terbuk…";Sun Apr 19 02:57:50 +0000 2020;barengarkananta
"@AwliyaPakne Lanjutkan dakwah... 
#StafsusOtakKoruptor 
#CoronaBungkamSkandalKorupsi 
#KhilafahControlsOutbreaks 
#KhilafahAjaranIslam";Sun Apr 19 02:52:38 +0000 2020;faruq_bang
"RT @rezahaddad5: Gak kenal malam mingguan ????????????
#mutualanaja #MutualanAjaDulu
#malamminggu #PejuangLDR #pejuangantiwarisan #CoronaBungkamS…";Sun Apr 19 02:46:40 +0000 2020;rezahaddad5
RT @andre_nuaba: Haru penuh empati melihat mereka masih harus melawan rasa takut pada Covid-19 demi menyambung hidup dan asa. Ya, ini berat…;Sun Apr 19 02:43:09 +0000 2020;satrioku363
"RT @demoSoCRAZY: Pemerintah Beri Dana Triliunan Untuk Ruangguru

??@msaid_didu : Baru Kali Ini Nepotisme Dipertontonkan Istana Secara Terbuk…";Sun Apr 19 02:42:51 +0000 2020;sulist_ty
"RT @Bang_N_E_O: Kritik tajam dedi gumelar terkait covid-19

#CoronaBungkamSkandalKorupsi 
#CoronaBungkamSkandalKorupsi https://t.co/OvAyiTa…";Sun Apr 19 02:40:47 +0000 2020;SalmanA92348696
"RT @abun___: #CoronaBungkamSkandalKorupsi
#CoronaBungkamSkandalKorupsi

Pak polisi Kalian sebenarnya pelayan dan pengayom rakyat atau alat…";Sun Apr 19 02:38:37 +0000 2020;msatiripal
Silahkan Madu asli ?? % tanpa campuran gula, sakarin, boraks Apalagi alkohol. Insyaallah kami jual harga murah denga… https://t.co/0whUAhltUd;Sun Apr 19 02:35:01 +0000 2020;sadad_aidi
"RT @acongtuh_: Kuy PreOrder!
Sablon plastisol ink
Bahan cotton combed 30's

#fightingpandemics
#corona
#COVID19
#CoronaIndonesia
#sablonpla…";Sun Apr 19 02:27:44 +0000 2020;_ayyasyr
"RT @demoSoCRAZY: Pemerintah Beri Dana Triliunan Untuk Ruangguru

??@msaid_didu : Baru Kali Ini Nepotisme Dipertontonkan Istana Secara Terbuk…";Sun Apr 19 02:13:51 +0000 2020;mugiya_wardhany
"RT @behakembar: Twitter, please do your magic. VIRALKAN 
#Covid_19 #ojol #jumatambyar #JumatLawanCovid #CoronaBungkamSkandalKorupsi https:/…";Sun Apr 19 02:10:51 +0000 2020;tsaden3
"RT @Bang_N_E_O: Kritik tajam dedi gumelar terkait covid-19

#CoronaBungkamSkandalKorupsi 
#CoronaBungkamSkandalKorupsi https://t.co/OvAyiTa…";Sun Apr 19 01:55:23 +0000 2020;acuygrosskopf
"RT @donat_merica__: Cuma punya ini
Ya udah di up aja
????
#CoronaBungkamSkandalKorupsi https://t.co/w8ppsUG8lD";Sun Apr 19 01:54:50 +0000 2020;Dedi32426294
"RT @demoSoCRAZY: Pemerintah Beri Dana Triliunan Untuk Ruangguru

??@msaid_didu : Baru Kali Ini Nepotisme Dipertontonkan Istana Secara Terbuk…";Sun Apr 19 01:53:45 +0000 2020;Rainatha1
"Grup nyiram menyiram
Rapatkan

#Shopeetanam
#ShopeeTanamTHR10M
#TurunkanHargaBBM
#GiveawayUang10juta… https://t.co/ozDDos8bhX";Sun Apr 19 01:36:24 +0000 2020;enal_15
"RT @khoerulmuna57: Atau hidup untuk sesama (?)
#bagimunegeri 
#berbagisesama 
#berbagiituindah 
#CoronaBungkamSkandalKorupsi 
#CoronaPublic…";Sun Apr 19 01:24:07 +0000 2020;catcinof
"RT @khoerulmuna57: Atau hidup untuk sesama (?)
#bagimunegeri 
#berbagisesama 
#berbagiituindah 
#CoronaBungkamSkandalKorupsi 
#CoronaPublic…";Sun Apr 19 01:09:36 +0000 2020;fjrrmdh
Kalo otak isinya cuma FEE, segala cara dilakukan utk buat proposal proyek gk jelas. Dlm benaknya, yg penting proyek… https://t.co/Q15vbkbABi;Sun Apr 19 00:57:37 +0000 2020;ferdiansyah07_
"RT @G4kNyer4hBR0___: KASUS KORUPSI,  HILANG...!!

#CoronaBungkamSkandalKorupsi
#CoronaBungkamSkandalKorupsi

Semua Fokus Virus Covid-19, Ta…";Sun Apr 19 00:53:33 +0000 2020;dimasadi123
"RT @demoSoCRAZY: Pemerintah Beri Dana Triliunan Untuk Ruangguru

??@msaid_didu : Baru Kali Ini Nepotisme Dipertontonkan Istana Secara Terbuk…";Sun Apr 19 00:52:11 +0000 2020;Jaidun02
"RT @Syuhada8__: Gak Malu Kelen rezim ( yang hanya bisa cuap cuap ) !!

Via : @idtodayco

Bocah kelas 3 SD sumbangkan Tabungan untuk pengada…";Sun Apr 19 00:50:58 +0000 2020;Jaidun02
"RT @Mbobz17: Mana surat rekomendasinya pak???

#CoronaBungkamSkandalKorupsi

https://t.co/PDi60alpMZ";Sun Apr 19 00:47:49 +0000 2020;Adjiesupergates
"RT @MudjiburRohman: ?S??t??a??f??s??u??s?
#CoronaBungkamSkandalKorupsi https://t.co/W6ptvsWA8z";Sun Apr 19 00:45:26 +0000 2020;KartikoVianto
"@detikcom Bah..... Luhut lagi..... 
#CoronaBungkamSkandalKorupsi #stopomnibuslawketenagakerjaan";Sun Apr 19 00:34:06 +0000 2020;bambanggeterosh
RT @D14h_Soew4rn02: Nggenjot pemasukan negara ditengah pandemi corona dgn mengundang turis sama sj membunuhi rakyat. Keselamatan bangsa dia…;Sun Apr 19 00:22:48 +0000 2020;JSuhendarTea1
Sdh mulai kok... Media mulai memframing aksi demo di Amerika menyangkut lockdown yg tidak ada kepastian.... Dan itu… https://t.co/rPIKI0bHnK;Sun Apr 19 00:07:22 +0000 2020;himura89517038
RT @D14h_Soew4rn02: Nggenjot pemasukan negara ditengah pandemi corona dgn mengundang turis sama sj membunuhi rakyat. Keselamatan bangsa dia…;Sun Apr 19 00:06:34 +0000 2020;Gajahmada141
"RT @demoSoCRAZY: Pemerintah Beri Dana Triliunan Untuk Ruangguru

??@msaid_didu : Baru Kali Ini Nepotisme Dipertontonkan Istana Secara Terbuk…";Sun Apr 19 00:06:19 +0000 2020;Gajahmada141
"RT @demoSoCRAZY: Pemerintah Beri Dana Triliunan Untuk Ruangguru

??@msaid_didu : Baru Kali Ini Nepotisme Dipertontonkan Istana Secara Terbuk…";Sat Apr 18 23:58:18 +0000 2020;arena51
"RT @demoSoCRAZY: Pemerintah Beri Dana Triliunan Untuk Ruangguru

??@msaid_didu : Baru Kali Ini Nepotisme Dipertontonkan Istana Secara Terbuk…";Sat Apr 18 23:45:45 +0000 2020;Mbah_Jadul
"RT @demoSoCRAZY: Pemerintah Beri Dana Triliunan Untuk Ruangguru

??@msaid_didu : Baru Kali Ini Nepotisme Dipertontonkan Istana Secara Terbuk…";Sat Apr 18 23:40:00 +0000 2020;nasgortrasi
"RT @demoSoCRAZY: Pemerintah Beri Dana Triliunan Untuk Ruangguru

??@msaid_didu : Baru Kali Ini Nepotisme Dipertontonkan Istana Secara Terbuk…";Sat Apr 18 23:33:41 +0000 2020;MSyam_ilwa
"RT @demoSoCRAZY: Pemerintah Beri Dana Triliunan Untuk Ruangguru

??@msaid_didu : Baru Kali Ini Nepotisme Dipertontonkan Istana Secara Terbuk…";Sat Apr 18 23:29:09 +0000 2020;Unyil_Lanang33
"RT @demoSoCRAZY: Pemerintah Beri Dana Triliunan Untuk Ruangguru

??@msaid_didu : Baru Kali Ini Nepotisme Dipertontonkan Istana Secara Terbuk…";Sat Apr 18 23:28:44 +0000 2020;Emsubhi1
ditengah badai Corona, tapi masih saja mempertontonkan KKN yang tak ada kaitannya dengan keselamatan rakyat yang te… https://t.co/J8Hl8NSMwQ;Sat Apr 18 23:22:42 +0000 2020;gusmawan31
"@rockygerung_rg Oaalaahhh to mbakyu @LunaMaya26 ??????
Sebelumnya buzzer artis drunken master......… https://t.co/YGWQaxLvEb";Sat Apr 18 23:12:59 +0000 2020;Djoe_Natha
"RT @MudjiburRohman: ?S??t??a??f??s??u??s?
#CoronaBungkamSkandalKorupsi https://t.co/W6ptvsWA8z";Sat Apr 18 23:08:28 +0000 2020;paimin_kang
"RT @demoSoCRAZY: Pemerintah Beri Dana Triliunan Untuk Ruangguru

??@msaid_didu : Baru Kali Ini Nepotisme Dipertontonkan Istana Secara Terbuk…";Sat Apr 18 23:08:13 +0000 2020;abdulrtah
RT @D14h_Soew4rn02: Nggenjot pemasukan negara ditengah pandemi corona dgn mengundang turis sama sj membunuhi rakyat. Keselamatan bangsa dia…;Sat Apr 18 23:06:53 +0000 2020;Yosmen
@suara_dahlanis @gunaditaufiq @harychandra091 @Toperendusara1 @aniesbaswedan @Ruasi income nol, mau punya rumah ga… https://t.co/63isteCPXU;Sat Apr 18 22:59:55 +0000 2020;khoyrot
"RT @abun___: #CoronaBungkamSkandalKorupsi
#CoronaBungkamSkandalKorupsi

Pak polisi Kalian sebenarnya pelayan dan pengayom rakyat atau alat…";Sat Apr 18 22:59:33 +0000 2020;FengFuha
"RT @demoSoCRAZY: Pemerintah Beri Dana Triliunan Untuk Ruangguru

??@msaid_didu : Baru Kali Ini Nepotisme Dipertontonkan Istana Secara Terbuk…";Sat Apr 18 22:37:47 +0000 2020;asysyamil
"RT @demoSoCRAZY: Pemerintah Beri Dana Triliunan Untuk Ruangguru

??@msaid_didu : Baru Kali Ini Nepotisme Dipertontonkan Istana Secara Terbuk…";Sat Apr 18 22:31:31 +0000 2020;Hartanto_H
"Hati hati Jangan KENTUT sembarangan!! 
#CoronaBungkamSkandalKorupsi
#coronavirus
#LawanMafiaKesehatan
https://t.co/hpJjPvoxiS";Sat Apr 18 21:58:37 +0000 2020;Soleh411212
"RT @donat_merica__: Cuma punya ini
Ya udah di up aja
????
#CoronaBungkamSkandalKorupsi https://t.co/w8ppsUG8lD";Sat Apr 18 20:53:43 +0000 2020;PemburuHantu12
"RT @ekonomi_jeblok: Prediksi 8.000 Warga Akan Kena Corona, Anies Buat Tempat Isolasi di GOR|
BEDA MEMANG
Salut..antisipasi sdh dilakukan, d…";Sat Apr 18 20:49:15 +0000 2020;eijk82
"RT @AtLaevigata: Lenyap dari peredaran. Semua sampai detik ini bertekuk lutut tidak mampu mencari Harun Masiku
Harusnya dalam menghadapi Co…";Sat Apr 18 20:32:53 +0000 2020;AlFatih68231928
RT @JayMerkano2: Majelis Hakim Pengadilan Tindak Pidana Korupsi (Tipikor) pada Pengadilan Negeri Jakarta Pusat yang mengadili terdakwa Saef…;Sat Apr 18 20:32:42 +0000 2020;AlFatih68231928
"RT @HARIW4NG: #CoronaBungkamSkandalKorupsi

Jae bilang duit diluar banyak ada 11.000triliun  blm lgi dikantong saya lbh bnyk lagi

Eeh duit…";Sat Apr 18 20:32:19 +0000 2020;AlFatih68231928
"RT @demoSoCRAZY: Pemerintah Beri Dana Triliunan Untuk Ruangguru

??@msaid_didu : Baru Kali Ini Nepotisme Dipertontonkan Istana Secara Terbuk…";Sat Apr 18 20:06:35 +0000 2020;Adyputrarajash3
"RT @D14h_Soew4rn02: Rezim jangan berlindung memanfaatkan pandemi Corona dengan mengabaikan skandal rasuah yang telah merugikan negara.

Tag…";Sat Apr 18 19:59:31 +0000 2020;sukatanyaj
"RT @abun___: #CoronaBungkamSkandalKorupsi
#CoronaBungkamSkandalKorupsi

Pak polisi Kalian sebenarnya pelayan dan pengayom rakyat atau alat…";Sat Apr 18 19:39:05 +0000 2020;LegiminYahya
RT @D14h_Soew4rn02: Nggenjot pemasukan negara ditengah pandemi corona dgn mengundang turis sama sj membunuhi rakyat. Keselamatan bangsa dia…;Sat Apr 18 19:21:55 +0000 2020;RezaMrc786
"Kuy PreOrder!
Sablon plastisol ink
Bahan cotton combed 30's

#fightingpandemics
#corona
#COVID19
#CoronaIndonesia… https://t.co/4QdWhxWlgm";Sat Apr 18 19:11:19 +0000 2020;acongtuh_
"RT @Mbobz17: Mana surat rekomendasinya pak???

#CoronaBungkamSkandalKorupsi

https://t.co/PDi60alpMZ";Sat Apr 18 18:29:59 +0000 2020;NahrasaPaman
RT @D14h_Soew4rn02: Nggenjot pemasukan negara ditengah pandemi corona dgn mengundang turis sama sj membunuhi rakyat. Keselamatan bangsa dia…;Sat Apr 18 18:13:45 +0000 2020;KabulSantoso7
"RT @demoSoCRAZY: Pemerintah Beri Dana Triliunan Untuk Ruangguru

??@msaid_didu : Baru Kali Ini Nepotisme Dipertontonkan Istana Secara Terbuk…";Sat Apr 18 18:05:41 +0000 2020;BudiTurmudzi
RT @D14h_Soew4rn02: Nggenjot pemasukan negara ditengah pandemi corona dgn mengundang turis sama sj membunuhi rakyat. Keselamatan bangsa dia…;Sat Apr 18 17:55:29 +0000 2020;SakinahAbdull11
"Sampai sekarang saya masih sangat yakin bahwa masih ada yang sadar dan meneriakan kebenaran.
Meski teriakan mereka… https://t.co/o6reC9Isl3";Sat Apr 18 17:50:01 +0000 2020;Ar31748832
RT @JayMerkano2: Majelis Hakim Pengadilan Tindak Pidana Korupsi (Tipikor) pada Pengadilan Negeri Jakarta Pusat yang mengadili terdakwa Saef…;Sat Apr 18 17:40:01 +0000 2020;dsutanandika
RT @D14h_Soew4rn02: Nggenjot pemasukan negara ditengah pandemi corona dgn mengundang turis sama sj membunuhi rakyat. Keselamatan bangsa dia…;Sat Apr 18 17:25:42 +0000 2020;KoboiSyariah
RT @andre_nuaba: Haru penuh empati melihat mereka masih harus melawan rasa takut pada Covid-19 demi menyambung hidup dan asa. Ya, ini berat…;Sat Apr 18 17:19:26 +0000 2020;vika_dwijati
RT @D14h_Soew4rn02: Nggenjot pemasukan negara ditengah pandemi corona dgn mengundang turis sama sj membunuhi rakyat. Keselamatan bangsa dia…;Sat Apr 18 17:16:55 +0000 2020;Gold29577819
"RT @McKayo_68: Kabupaten-Kota di Jabar &amp; Banten Minta Pemberhentian Sementara KRL
Ini jawabanya ??????

Kereta Rel Listrik (KRL) akan tetap be…";Sat Apr 18 17:09:22 +0000 2020;RAdeAhmadSobir4
"Mereka kuat karena mereka nyata.. 
qt lemah karena qt maya.. 

#CoronaBungkamSkandalKorupsi 
#StafsusOtakKoruptor 
#malamminggu";Sat Apr 18 17:07:34 +0000 2020;Belalan97563102
"Negara ini sudaah . . . . . . . 

#InstruksiMenkumham 
#CoronaBungkamSkandalKorupsi 
#DemokrasiIndonesiaDikebiri… https://t.co/YIdKy8a46s";Sat Apr 18 17:01:07 +0000 2020;Ade_lei
Ibarat membebaskan singa di tengah musim kering, ada anak rusa ya tikam saja. Pembebasan NAPI di tengah krisis ekon… https://t.co/x7Tna30S0l;Sat Apr 18 17:00:03 +0000 2020;andre_nuaba
"RT @abun___: #CoronaBungkamSkandalKorupsi
#CoronaBungkamSkandalKorupsi

Pak polisi Kalian sebenarnya pelayan dan pengayom rakyat atau alat…";Sat Apr 18 16:58:28 +0000 2020;dsutanandika
Pemerintah lagi ngeprank rakyatnya #CoronaBungkamSkandalKorupsi;Sat Apr 18 16:57:46 +0000 2020;olskuyy
"RT @McKayo_68: Kabupaten-Kota di Jabar &amp; Banten Minta Pemberhentian Sementara KRL
Ini jawabanya ??????

Kereta Rel Listrik (KRL) akan tetap be…";Sat Apr 18 16:54:46 +0000 2020;haidir_setiawan
Haru penuh empati melihat mereka masih harus melawan rasa takut pada Covid-19 demi menyambung hidup dan asa. Ya, in… https://t.co/ucJCcINhjJ;Sat Apr 18 16:51:27 +0000 2020;andre_nuaba
"RT @McKayo_68: Kabupaten-Kota di Jabar &amp; Banten Minta Pemberhentian Sementara KRL
Ini jawabanya ??????

Kereta Rel Listrik (KRL) akan tetap be…";Sat Apr 18 16:46:15 +0000 2020;SahraAhli
Dengan kekuatan fulus menjadikan mereka warga kelas satu, kuasai semuanya, yg mereka sisakan hanyalah penjara tempa… https://t.co/aM9rttonaH;Sat Apr 18 16:32:44 +0000 2020;gotte4
"RT @MrET_Centre_Ind: Nan KaTigo baitu pulo Mamak????

DiKampuang Urang Wak Sumando 
Adaiknyo Ado Nan Ditiru 
Malam Minggu DiRumah Sajo 
Nan J…";Sat Apr 18 16:16:04 +0000 2020;oaseminang
RT @JayMerkano2: Majelis Hakim Pengadilan Tindak Pidana Korupsi (Tipikor) pada Pengadilan Negeri Jakarta Pusat yang mengadili terdakwa Saef…;Sat Apr 18 16:14:45 +0000 2020;2dibukaB
RT @ScootRider1: Saya msh simpan salah satu cuitan sampah dinegeri ini.Saat ada warga Indonesia yg mengingatkan,dgn ganasnya dia membully.…;Sat Apr 18 16:13:23 +0000 2020;poppypalupine
RT @D14h_Soew4rn02: Nggenjot pemasukan negara ditengah pandemi corona dgn mengundang turis sama sj membunuhi rakyat. Keselamatan bangsa dia…;Sat Apr 18 16:13:02 +0000 2020;sigit_bms
"Nan KaTigo baitu pulo Mamak????

DiKampuang Urang Wak Sumando 
Adaiknyo Ado Nan Ditiru 
Malam Minggu DiRumah Sajo 
Na… https://t.co/Nif76P59qu";Sat Apr 18 16:07:18 +0000 2020;MrET_Centre_Ind
"RT @McKayo_68: Menurut anda survei ini :

??????

Silahkan  ??????

RT    ??    Tidak percaya 
Like. ?.     Percaya 

#CoronaBungkamSkandalKorupsi…";Sat Apr 18 16:06:21 +0000 2020;agomes_taafnam
"Lagi lagi aku terbangun dari liang kasur karna bayangan darimu....
#puisi3baris #CoronaBungkamSkandalKorupsi #DiRumahAjaDulu";Sat Apr 18 16:04:14 +0000 2020;JuniterMario
"RT @HDouboegiez: Ruangguru Dapat Proyek Triliunan, Said Didu: Baru Kali Ini Nepotisme Di Istana Dipertontonkan Terbuka

#CoronaBungkamSkand…";Sat Apr 18 15:58:09 +0000 2020;aguskurni82
"Di berita televisi sering tertulis, nominal dana bantuan dari pemerintah. 
Tp sayang,Kita(rakyat miskin)  blm semua… https://t.co/cEiY8Gq3XW";Sat Apr 18 15:46:14 +0000 2020;OmDiill
RT @JayMerkano2: Majelis Hakim Pengadilan Tindak Pidana Korupsi (Tipikor) pada Pengadilan Negeri Jakarta Pusat yang mengadili terdakwa Saef…;Sat Apr 18 15:45:02 +0000 2020;massmujab
RT @JayMerkano2: Majelis Hakim Pengadilan Tindak Pidana Korupsi (Tipikor) pada Pengadilan Negeri Jakarta Pusat yang mengadili terdakwa Saef…;Sat Apr 18 15:43:39 +0000 2020;hendra0201
Dampak corona ojol sangat dimanjakan apkh krn banyak dan sdh menjd komunitas pdhl masih banyak sopir angkot, tukang… https://t.co/zBRck1IdVH;Sat Apr 18 15:41:46 +0000 2020;nurfauzan_daffa
Saya msh simpan salah satu cuitan sampah dinegeri ini.Saat ada warga Indonesia yg mengingatkan,dgn ganasnya dia mem… https://t.co/deWpg5MIcv;Sat Apr 18 15:36:23 +0000 2020;ScootRider1
"Mereka melakukan persekongkolan disaat masyarakat kesulitan dan kesusahan. Luar biasa
#CoronaBungkamSkandalKorupsi… https://t.co/9QujqmfKTE";Sat Apr 18 15:32:05 +0000 2020;tokshaman
"RT @ekonomi_jeblok: Prediksi 8.000 Warga Akan Kena Corona, Anies Buat Tempat Isolasi di GOR|
BEDA MEMANG
Salut..antisipasi sdh dilakukan, d…";Sat Apr 18 15:28:41 +0000 2020;suara1hati
"RT @demoSoCRAZY: Pemerintah Beri Dana Triliunan Untuk Ruangguru

??@msaid_didu : Baru Kali Ini Nepotisme Dipertontonkan Istana Secara Terbuk…";Sat Apr 18 15:28:35 +0000 2020;H4L15541D
"RT @abun___: #CoronaBungkamSkandalKorupsi
#CoronaBungkamSkandalKorupsi

Pak polisi Kalian sebenarnya pelayan dan pengayom rakyat atau alat…";Sat Apr 18 15:18:35 +0000 2020;radenteja
"Gak kenal malam mingguan ????????????
#mutualanaja #MutualanAjaDulu
#malamminggu #PejuangLDR #pejuangantiwarisan… https://t.co/lFljMpMOVX";Sat Apr 18 15:16:40 +0000 2020;rezahaddad5
"RT @behakembar: Twitter, please do your magic. VIRALKAN 
#Covid_19 #ojol #jumatambyar #JumatLawanCovid #CoronaBungkamSkandalKorupsi https:/…";Sat Apr 18 15:12:58 +0000 2020;biskandar83
Jd bahan bullying negara tetangga, netizen emang cuma bisa bacot, tpi jika diperhatikan lebih dalam, ada 2 keputusa… https://t.co/Qbvl7CVVLg;Sat Apr 18 15:08:58 +0000 2020;Andikaprasety07
"RT @cangkeureuheun: #CoronaBungkamSkandalKorupsi

??ini akibat plecinden kurang faham aturan dan etika? 

Atau naluri garong lebih kuat? 

A…";Sat Apr 18 15:08:20 +0000 2020;Unar_25
"RT @HDouboegiez: Ruangguru Dapat Proyek Triliunan, Said Didu: Baru Kali Ini Nepotisme Di Istana Dipertontonkan Terbuka

#CoronaBungkamSkand…";Sat Apr 18 15:02:51 +0000 2020;reyharlan
"RT @khoerulmuna57: Atau hidup untuk sesama (?)
#bagimunegeri 
#berbagisesama 
#berbagiituindah 
#CoronaBungkamSkandalKorupsi 
#CoronaPublic…";Sat Apr 18 14:58:34 +0000 2020;Lusianaaa24
RT @d0ublekill: Yg bikin Corona tu org oposisi Krn bikin pak Jokowi ke kerja keras memberantas Corona. Org oposisi mengacau negara kita dan…;Sat Apr 18 14:54:20 +0000 2020;d0ublekill
Yg bikin Corona tu org oposisi Krn bikin pak Jokowi ke kerja keras memberantas Corona. Org oposisi mengacau negara… https://t.co/nqu3DT2n7y;Sat Apr 18 14:53:11 +0000 2020;d0ublekill
"RT @demoSoCRAZY: Pemerintah Beri Dana Triliunan Untuk Ruangguru

??@msaid_didu : Baru Kali Ini Nepotisme Dipertontonkan Istana Secara Terbuk…";Sat Apr 18 14:52:33 +0000 2020;SaveArchipelago
"RT @McKayo_68: Menurut anda survei ini :

??????

Silahkan  ??????

RT    ??    Tidak percaya 
Like. ?.     Percaya 

#CoronaBungkamSkandalKorupsi…";Sat Apr 18 14:51:17 +0000 2020;da4d527247e9402
Mamang nyaneh mah pusingeun keneh ku lokdon , te makaya makaya gara gara korona . jomblo keneh boro boro mikirkeun… https://t.co/4d9ScaGy55;Sat Apr 18 14:50:40 +0000 2020;aripudin_asep
Bayi 4 Bulan asal Muaraenim Positif Corona, Penularannya Masih Misterius https://t.co/0TrOIY2GCX lewat… https://t.co/ktE9b6PkC8;Sat Apr 18 14:48:59 +0000 2020;sukarno_91
RT @D14h_Soew4rn02: Nggenjot pemasukan negara ditengah pandemi corona dgn mengundang turis sama sj membunuhi rakyat. Keselamatan bangsa dia…;Sat Apr 18 14:44:45 +0000 2020;dey_mamanya2dha
"RT @demoSoCRAZY: Pemerintah Beri Dana Triliunan Untuk Ruangguru

??@msaid_didu : Baru Kali Ini Nepotisme Dipertontonkan Istana Secara Terbuk…";Sat Apr 18 14:39:14 +0000 2020;CahBodoo
RT @D14h_Soew4rn02: Nggenjot pemasukan negara ditengah pandemi corona dgn mengundang turis sama sj membunuhi rakyat. Keselamatan bangsa dia…;Sat Apr 18 14:38:05 +0000 2020;mei_indriya
"Biarin aja udah, biar ngerasain azab di dunia dulu mereka akibat kelakuannya.

#Covid_19 
#coronavirus… https://t.co/U7OvtYRPlX";Sat Apr 18 14:35:52 +0000 2020;UltramanWb
RT @D14h_Soew4rn02: Nggenjot pemasukan negara ditengah pandemi corona dgn mengundang turis sama sj membunuhi rakyat. Keselamatan bangsa dia…;Sat Apr 18 14:28:02 +0000 2020;firdamar34
RT @D14h_Soew4rn02: Nggenjot pemasukan negara ditengah pandemi corona dgn mengundang turis sama sj membunuhi rakyat. Keselamatan bangsa dia…;Sat Apr 18 14:25:13 +0000 2020;cakra_byuha
RT @JayMerkano2: Majelis Hakim Pengadilan Tindak Pidana Korupsi (Tipikor) pada Pengadilan Negeri Jakarta Pusat yang mengadili terdakwa Saef…;Sat Apr 18 14:21:39 +0000 2020;gindoduri
Kemunculan gelembung gas di Sungai Tangsi bikin heboh warga Dusun Drojogan, Desa Sriwedari, Kecamatan Salaman, Kabu… https://t.co/vrAqBAvtXV;Sat Apr 18 14:19:18 +0000 2020;RamaYenti
"Atau hidup untuk sesama (?)
#bagimunegeri 
#berbagisesama 
#berbagiituindah 
#CoronaBungkamSkandalKorupsi… https://t.co/BVmNLmYZHr";Sat Apr 18 14:10:47 +0000 2020;khoerulmuna57
"Ratusan #cacing tanah tiba-tiba muncul di kawasan Pasar Gede #Solo
#BubarkanStafsusPresiden… https://t.co/Um4mWhvktO";Sat Apr 18 14:02:39 +0000 2020;RamaYenti
RT @D14h_Soew4rn02: Nggenjot pemasukan negara ditengah pandemi corona dgn mengundang turis sama sj membunuhi rakyat. Keselamatan bangsa dia…;Sat Apr 18 13:57:15 +0000 2020;ker_asa
"RT @demoSoCRAZY: Pemerintah Beri Dana Triliunan Untuk Ruangguru

??@msaid_didu : Baru Kali Ini Nepotisme Dipertontonkan Istana Secara Terbuk…";Sat Apr 18 13:57:02 +0000 2020;AndrianSoen
ini nikahan gada sapu jagadnya apa buat beresin piring2 #CoronaBungkamSkandalKorupsi;Sat Apr 18 13:50:45 +0000 2020;janganbaperan
RT @D14h_Soew4rn02: Nggenjot pemasukan negara ditengah pandemi corona dgn mengundang turis sama sj membunuhi rakyat. Keselamatan bangsa dia…;Sat Apr 18 13:50:29 +0000 2020;ategeo
RT @D14h_Soew4rn02: Nggenjot pemasukan negara ditengah pandemi corona dgn mengundang turis sama sj membunuhi rakyat. Keselamatan bangsa dia…;Sat Apr 18 13:47:28 +0000 2020;ustman_bin
"RT @McKayo_68: Menurut anda survei ini :

??????

Silahkan  ??????

RT    ??    Tidak percaya 
Like. ?.     Percaya 

#CoronaBungkamSkandalKorupsi…";Sat Apr 18 13:45:44 +0000 2020;dannydhe
"RT @McKayo_68: Kabupaten-Kota di Jabar &amp; Banten Minta Pemberhentian Sementara KRL
Ini jawabanya ??????

Kereta Rel Listrik (KRL) akan tetap be…";Sat Apr 18 13:45:23 +0000 2020;dannydhe
"RT @Doraemon1168: Kabupaten-Kota di Jabar Minta Pemberhentian Sementara KRL

Hadeeeh ??????

#CoronaBungkamSkandalKorupsi
#CoronaBungkamSkanda…";Sat Apr 18 13:44:33 +0000 2020;dannydhe
"RT @Nobita_qu: Question..

Pemimpin yang fokus ke nyawa warga negara atau yang fokus ke uang ciri2nya adalah ?

#CoronaBungkamSkandalKorups…";Sat Apr 18 13:42:36 +0000 2020;Umarbin25801324
RT @JayMerkano2: Majelis Hakim Pengadilan Tindak Pidana Korupsi (Tipikor) pada Pengadilan Negeri Jakarta Pusat yang mengadili terdakwa Saef…;Sat Apr 18 13:38:48 +0000 2020;safirasafifra
RT @D14h_Soew4rn02: Nggenjot pemasukan negara ditengah pandemi corona dgn mengundang turis sama sj membunuhi rakyat. Keselamatan bangsa dia…;Sat Apr 18 13:35:42 +0000 2020;YudhaSSantika1
"Mana surat rekomendasinya pak?!

#CoronaBungkamSkandalKorupsi https://t.co/WbLayXFLhl";Sat Apr 18 13:31:03 +0000 2020;Jovakovic
@17mingyunited #TANYARICIS #MutualanAjaDuluSiapaTauJodoh #jarviskemenperin #BAHASJODOH #bacotansantuy… https://t.co/GSsarJNepe;Sat Apr 18 13:30:57 +0000 2020;deunknowns
#TolakSegalaAksiMassa #CoronaBungkamSkandalKorupsi #Corona #CoronaUpdate #LawanCoronaBersama #dirumahaja… https://t.co/WLRZc4xoEC;Sat Apr 18 13:26:05 +0000 2020;SahabatRafiq
"RT @demoSoCRAZY: Pemerintah Beri Dana Triliunan Untuk Ruangguru

??@msaid_didu : Baru Kali Ini Nepotisme Dipertontonkan Istana Secara Terbuk…";Sat Apr 18 13:23:28 +0000 2020;Ichwari
RT @Uyupz: Definisi teman kaya bangsat... #CoronaBungkamSkandalKorupsi https://t.co/W5kY4lUXYk;Sat Apr 18 13:22:14 +0000 2020;calonistrimy
"banyak yg mati akhir2 ini knapa ya??? 

@kemenkumhamjtg @jokowi @perekonomianri @aniesbaswedan… https://t.co/6xE21nc5Rq";Sat Apr 18 13:12:46 +0000 2020;BellaGoestav
"RT @demoSoCRAZY: Pemerintah Beri Dana Triliunan Untuk Ruangguru

??@msaid_didu : Baru Kali Ini Nepotisme Dipertontonkan Istana Secara Terbuk…";Sat Apr 18 13:12:30 +0000 2020;EdisonSihombi15
"RT @demoSoCRAZY: Pemerintah Beri Dana Triliunan Untuk Ruangguru

??@msaid_didu : Baru Kali Ini Nepotisme Dipertontonkan Istana Secara Terbuk…";Sat Apr 18 13:07:39 +0000 2020;elhadhramiy
"RT @demoSoCRAZY: Pemerintah Beri Dana Triliunan Untuk Ruangguru

??@msaid_didu : Baru Kali Ini Nepotisme Dipertontonkan Istana Secara Terbuk…";Sat Apr 18 13:05:39 +0000 2020;iryansetiawan
Seng gak lolos kartu prakerja iso golek i materi pelatihana e ndk yutup, ben gak bebani negoro ?????????… https://t.co/m5TRePq2Ji;Sat Apr 18 13:04:54 +0000 2020;AliTobroni
#CoronaBungkamSkandalKorupsi https://t.co/8LwZ4HYzDb;Sat Apr 18 13:01:19 +0000 2020;fendymey68
"RT @Mbobz17: Mana surat rekomendasinya pak???

#CoronaBungkamSkandalKorupsi

https://t.co/PDi60alpMZ";Sat Apr 18 12:58:36 +0000 2020;encikfarid
Dampak corona ojol sangat dimanjakan apkh krn banyak dan sdh menjd komunitas pdhl masih banyak sopir angkot , tukan… https://t.co/n1zlicDSiA;Sat Apr 18 12:57:00 +0000 2020;satia_nagara
"@BBCIndonesia Kalau pemerintah +62 ngapain nih?

Hanya bisa diam membisu melihat negara adidaya berkuasa,
#CoronaBungkamSkandalKorupsi";Sat Apr 18 12:37:41 +0000 2020;Muhamma92308490
"#StayatHome 
#stayathomeordancewithus 
#viruscorona
#coronavirus
#Covid_19 
#BANGBANGCON… https://t.co/c1c4TZW2j8";Sat Apr 18 12:29:28 +0000 2020;JHS232
"RT @Mbobz17: Mana surat rekomendasinya pak???

#CoronaBungkamSkandalKorupsi

https://t.co/PDi60alpMZ";Sat Apr 18 12:28:22 +0000 2020;FAntasanusa
"RT @demoSoCRAZY: Pemerintah Beri Dana Triliunan Untuk Ruangguru

??@msaid_didu : Baru Kali Ini Nepotisme Dipertontonkan Istana Secara Terbuk…";Sat Apr 18 12:22:55 +0000 2020;aiiiiiiiip
RT @D14h_Soew4rn02: Nggenjot pemasukan negara ditengah pandemi corona dgn mengundang turis sama sj membunuhi rakyat. Keselamatan bangsa dia…;Sat Apr 18 12:21:49 +0000 2020;Veenone
RT @D14h_Soew4rn02: Nggenjot pemasukan negara ditengah pandemi corona dgn mengundang turis sama sj membunuhi rakyat. Keselamatan bangsa dia…;Sat Apr 18 12:18:47 +0000 2020;minarwn711
"RT @demoSoCRAZY: Pemerintah Beri Dana Triliunan Untuk Ruangguru

??@msaid_didu : Baru Kali Ini Nepotisme Dipertontonkan Istana Secara Terbuk…";Sat Apr 18 12:17:37 +0000 2020;Veenone
"penetrasi emosi saat melihat keseriusan pemimpin menangani wabah covid 19
#CoronaBungkamSkandalKorupsi… https://t.co/vV5M0V7ZuU";Sat Apr 18 12:15:57 +0000 2020;assadul11
RT @D14h_Soew4rn02: Nggenjot pemasukan negara ditengah pandemi corona dgn mengundang turis sama sj membunuhi rakyat. Keselamatan bangsa dia…;Sat Apr 18 12:14:57 +0000 2020;iepouel
RT @D14h_Soew4rn02: Nggenjot pemasukan negara ditengah pandemi corona dgn mengundang turis sama sj membunuhi rakyat. Keselamatan bangsa dia…;Sat Apr 18 12:12:05 +0000 2020;romizaarika
"RT @demoSoCRAZY: Pemerintah Beri Dana Triliunan Untuk Ruangguru

??@msaid_didu : Baru Kali Ini Nepotisme Dipertontonkan Istana Secara Terbuk…";Sat Apr 18 12:10:34 +0000 2020;rinkakuna
"RT @MudjiburRohman: ?S??t??a??f??s??u??s?
#CoronaBungkamSkandalKorupsi https://t.co/W6ptvsWA8z";Sat Apr 18 12:08:59 +0000 2020;reenafedeyka
"RT @cangkeureuheun: #CoronaBungkamSkandalKorupsi

??ini akibat plecinden kurang faham aturan dan etika? 

Atau naluri garong lebih kuat? 

A…";Sat Apr 18 12:04:35 +0000 2020;Anggara45285173
"Ada beberapa kaum yg bersyukur karena corona!! Oh MG
Krn kaum rebahan angkanya jd naik drastissss vantastisss… https://t.co/2uuIWHtqKb";Sat Apr 18 12:02:10 +0000 2020;chasheenta
"RT @demoSoCRAZY: Pemerintah Beri Dana Triliunan Untuk Ruangguru

??@msaid_didu : Baru Kali Ini Nepotisme Dipertontonkan Istana Secara Terbuk…";Sat Apr 18 12:01:00 +0000 2020;ayahsimpoel
"Kreativitas diluar zona nyaman sulit diterima manusia normal.
Toilet tak bertuan jauh lebih baik daripada Rolex dit… https://t.co/ebqJpuk9X9";Sat Apr 18 11:59:41 +0000 2020;ruhumtanjung
@Anit4_1 @G4kNyer4hBR0___ @MMargani5 @Artinjured @Combro_411 @IyemAjah_01 @khamila_20 @fwfah23 @billy_rania… https://t.co/iK2dDTKbhz;Sat Apr 18 11:57:43 +0000 2020;elbanan2001
RT @D14h_Soew4rn02: Nggenjot pemasukan negara ditengah pandemi corona dgn mengundang turis sama sj membunuhi rakyat. Keselamatan bangsa dia…;Sat Apr 18 11:54:12 +0000 2020;djadasjah
"RT @demoSoCRAZY: Pemerintah Beri Dana Triliunan Untuk Ruangguru

??@msaid_didu : Baru Kali Ini Nepotisme Dipertontonkan Istana Secara Terbuk…";Sat Apr 18 11:53:54 +0000 2020;cruzt_macazzart
"RT @Fariez_Abbasy: Jaksa KPK membuka percakapan WA
SekJen PDIP Hasto K dgn terdakwa penyuap Kom KPU Wahyu S, Saeful B. Isinya mengungkap du…";Sat Apr 18 11:53:18 +0000 2020;GusEpas
"RT @Pikachu_qu: Penundaan pemberitahuan selama 6 hari yang berakibat fatal keseluruh negara.

Dpatkah kalian dituntut atas kelalaian kalian…";Sat Apr 18 11:45:19 +0000 2020;IbrahimGarcia19
"RT @MudjiburRohman: ?S??t??a??f??s??u??s?
#CoronaBungkamSkandalKorupsi https://t.co/W6ptvsWA8z";Sat Apr 18 11:33:59 +0000 2020;iluvatar188
RT @D14h_Soew4rn02: Nggenjot pemasukan negara ditengah pandemi corona dgn mengundang turis sama sj membunuhi rakyat. Keselamatan bangsa dia…;Sat Apr 18 11:30:30 +0000 2020;Din034
"RT @Syuhada8__: Gak Malu Kelen rezim ( yang hanya bisa cuap cuap ) !!

Via : @idtodayco

Bocah kelas 3 SD sumbangkan Tabungan untuk pengada…";Sat Apr 18 11:26:33 +0000 2020;Sastidevi2
RT @D14h_Soew4rn02: Nggenjot pemasukan negara ditengah pandemi corona dgn mengundang turis sama sj membunuhi rakyat. Keselamatan bangsa dia…;Sat Apr 18 11:19:56 +0000 2020;didienAZHAR
"RT @cangkeureuheun: #CoronaBungkamSkandalKorupsi

??ini akibat plecinden kurang faham aturan dan etika? 

Atau naluri garong lebih kuat? 

A…";Sat Apr 18 11:13:30 +0000 2020;papamarcel75
"RT @demoSoCRAZY: Pemerintah Beri Dana Triliunan Untuk Ruangguru

??@msaid_didu : Baru Kali Ini Nepotisme Dipertontonkan Istana Secara Terbuk…";Sat Apr 18 11:09:42 +0000 2020;dratzmoenthe
"Ada lagi yang bari benar-benar kreatif
#CoronaBungkamSkandalKorupsi #Lawyerdiary #BubarkanStafsusPresiden… https://t.co/MOea73te7p";Sat Apr 18 11:07:30 +0000 2020;arief_uniteak
"RT @demoSoCRAZY: Pemerintah Beri Dana Triliunan Untuk Ruangguru

??@msaid_didu : Baru Kali Ini Nepotisme Dipertontonkan Istana Secara Terbuk…";Sat Apr 18 11:06:06 +0000 2020;InspirasiBisni4
"RT @demoSoCRAZY: Pemerintah Beri Dana Triliunan Untuk Ruangguru

??@msaid_didu : Baru Kali Ini Nepotisme Dipertontonkan Istana Secara Terbuk…";Sat Apr 18 11:03:07 +0000 2020;papamarcel75
"Jangan terlalu kuat pak ada yang baper
#bukannegeribiasa #Lawyerdiary #CoronaBungkamSkandalKorupsi… https://t.co/A5WglwlNaS";Sat Apr 18 11:03:06 +0000 2020;arief_uniteak
"RT @Fatimah_Sw33ty: Di tengah wabah Corona, dimana pekerja lokal banyak di PHK, tapi TKA dari China tetap aja berdatangan

Ada pa ya dg mas…";Sat Apr 18 11:00:35 +0000 2020;berkah_hujan
"RT @HDouboegiez: Ruangguru Dapat Proyek Triliunan, Said Didu: Baru Kali Ini Nepotisme Di Istana Dipertontonkan Terbuka

#CoronaBungkamSkand…";Sat Apr 18 10:54:25 +0000 2020;daffa2323
"Kebakaran itu selalu bermula dari api yang kecil
#CoronaBungkamSkandalKorupsi #Lawyerdiary #bukannegeribiasa… https://t.co/bbbtWLC95c";Sat Apr 18 10:50:42 +0000 2020;arief_uniteak
"RT @MudjiburRohman: ?S??t??a??f??s??u??s?
#CoronaBungkamSkandalKorupsi https://t.co/W6ptvsWA8z";Sat Apr 18 10:49:58 +0000 2020;TMustcho
RT @D14h_Soew4rn02: Nggenjot pemasukan negara ditengah pandemi corona dgn mengundang turis sama sj membunuhi rakyat. Keselamatan bangsa dia…;Sat Apr 18 10:48:40 +0000 2020;dodolkollak
"RT @demoSoCRAZY: Pemerintah Beri Dana Triliunan Untuk Ruangguru

??@msaid_didu : Baru Kali Ini Nepotisme Dipertontonkan Istana Secara Terbuk…";Sat Apr 18 10:48:23 +0000 2020;berkah_hujan
RT @D14h_Soew4rn02: Nggenjot pemasukan negara ditengah pandemi corona dgn mengundang turis sama sj membunuhi rakyat. Keselamatan bangsa dia…;Sat Apr 18 10:43:08 +0000 2020;darmajasa
"RT @MudjiburRohman: ?S??t??a??f??s??u??s?
#CoronaBungkamSkandalKorupsi https://t.co/W6ptvsWA8z";Sat Apr 18 10:41:35 +0000 2020;Nadya96562589
"#COVID19
#CoronaBungkamSkandalKorupsi
#pdpacehpositif

Satu pasien dalam pengawasan (PDP) asal kabupaten Gayo Lues… https://t.co/oTg8IOX6dX";Sat Apr 18 10:39:12 +0000 2020;acehsatumedia
@GemblongSadewo2 @ustadtengkuzul emha ainun najib : kalian merobohkan rezim orba dg alasan selalu korupsi dan terny… https://t.co/liCyWFBoDC;Sat Apr 18 10:39:05 +0000 2020;yfreebowo
RT @D14h_Soew4rn02: Nggenjot pemasukan negara ditengah pandemi corona dgn mengundang turis sama sj membunuhi rakyat. Keselamatan bangsa dia…;Sat Apr 18 10:38:03 +0000 2020;sakabato9
"RT @demoSoCRAZY: Pemerintah Beri Dana Triliunan Untuk Ruangguru

??@msaid_didu : Baru Kali Ini Nepotisme Dipertontonkan Istana Secara Terbuk…";Sat Apr 18 10:34:54 +0000 2020;Dedi_chaniago84
"RT @cangkeureuheun: #CoronaBungkamSkandalKorupsi

??ini akibat plecinden kurang faham aturan dan etika? 

Atau naluri garong lebih kuat? 

A…";Sat Apr 18 10:34:46 +0000 2020;RachmatBawono
"RT @demoSoCRAZY: Pemerintah Beri Dana Triliunan Untuk Ruangguru

??@msaid_didu : Baru Kali Ini Nepotisme Dipertontonkan Istana Secara Terbuk…";Sat Apr 18 10:33:20 +0000 2020;ZamriNoer
"RT @demoSoCRAZY: Pemerintah Beri Dana Triliunan Untuk Ruangguru

??@msaid_didu : Baru Kali Ini Nepotisme Dipertontonkan Istana Secara Terbuk…";Sat Apr 18 10:30:27 +0000 2020;dinata_kusumah
"RT @Mbobz17: Mana surat rekomendasinya pak???

#CoronaBungkamSkandalKorupsi

https://t.co/PDi60alpMZ";Sat Apr 18 10:28:12 +0000 2020;rusydi76
"Rumongso ngrumangsani tiba'e wong jowo ngandani. Modal ... Jare,
Bekal ... Menowo, prinsipe ... POKOK'E.  fase kese… https://t.co/9lKykRwruu";Sat Apr 18 10:28:06 +0000 2020;MbengilCore
RT @D14h_Soew4rn02: Nggenjot pemasukan negara ditengah pandemi corona dgn mengundang turis sama sj membunuhi rakyat. Keselamatan bangsa dia…;Sat Apr 18 10:23:50 +0000 2020;AdeSupr00510048
"RT @ekonomi_jeblok: Prediksi 8.000 Warga Akan Kena Corona, Anies Buat Tempat Isolasi di GOR|
BEDA MEMANG
Salut..antisipasi sdh dilakukan, d…";Sat Apr 18 10:23:43 +0000 2020;dinata_kusumah
"RT @Mbobz17: Mana surat rekomendasinya pak???

#CoronaBungkamSkandalKorupsi

https://t.co/PDi60alpMZ";Sat Apr 18 10:21:51 +0000 2020;Fkresminor7
"RT @demoSoCRAZY: Pemerintah Beri Dana Triliunan Untuk Ruangguru

??@msaid_didu : Baru Kali Ini Nepotisme Dipertontonkan Istana Secara Terbuk…";Sat Apr 18 10:21:14 +0000 2020;Devibeckham
RT @D14h_Soew4rn02: Nggenjot pemasukan negara ditengah pandemi corona dgn mengundang turis sama sj membunuhi rakyat. Keselamatan bangsa dia…;Sat Apr 18 10:20:42 +0000 2020;Syamsud41732201
RT @Serversalah1: Anda yang bikin aja binggung pak, apa lagi kita, udah binggung was was juga kntl pak #CoronaBungkamSkandalKorupsi https:/…;Sat Apr 18 10:16:49 +0000 2020;svieraah__
"Cek !!! 

https://t.co/47dbwM5dI5

#FixEnak #TolakSegalaAksiMassa #JKW_LBPHarusDihentikan #BANGBANGCON… https://t.co/gwvjjY09jE";Sat Apr 18 10:14:04 +0000 2020;maumakanbanyak
RT @D14h_Soew4rn02: Nggenjot pemasukan negara ditengah pandemi corona dgn mengundang turis sama sj membunuhi rakyat. Keselamatan bangsa dia…;Sat Apr 18 10:13:35 +0000 2020;PrilHuseno
"RT @demoSoCRAZY: Pemerintah Beri Dana Triliunan Untuk Ruangguru

??@msaid_didu : Baru Kali Ini Nepotisme Dipertontonkan Istana Secara Terbuk…";Sat Apr 18 10:11:28 +0000 2020;mhd_faizin
RT @demoSoCRAZY: Cukuplah masyarakat saja yg ikhlas di bungkam PSBB saat Pandemic Covid19, @KPK_RI gak usah ikut2an di bungkam??krn ada Coro…;Sat Apr 18 10:11:11 +0000 2020;dinata_kusumah
Apa cuma aku yang rasain kalo lgi rekaman suara pasti tiba tiba berisik entah itu suara ayam, tetangga ngamuk, atau… https://t.co/RSL31yjCc7;Sat Apr 18 10:11:06 +0000 2020;Adeeimah
"Mungkin lupa kita punya banyak profesor
#CoronaBungkamSkandalKorupsi #Lawyerdiary #bukannegeribiasa… https://t.co/g2kTSTyfBw";Sat Apr 18 10:09:47 +0000 2020;arief_uniteak
"Mulai terpaksa lalu terbiasa.

#CoronaBungkamSkandalKorupsi";Sat Apr 18 10:02:06 +0000 2020;MR02030711
"RT @Mbobz17: Mana surat rekomendasinya pak???

#CoronaBungkamSkandalKorupsi

https://t.co/PDi60alpMZ";Sat Apr 18 10:02:04 +0000 2020;Nadin67339394
"KeCebong                    KeCebong
         KeCebong    KeCebong
                    KeCebong
         KeCebong… https://t.co/73YAtcleX9";Sat Apr 18 10:01:18 +0000 2020;Rajayusufalfian
"Apakah benar nih negara mulai melembagakan diskriminasi yang terus menerus... Saya bertanya
#bukannegeribiasa… https://t.co/0F4QK4Qgtg";Sat Apr 18 10:00:22 +0000 2020;arief_uniteak
"RT @D14h_Soew4rn02: Rezim jangan berlindung memanfaatkan pandemi Corona dengan mengabaikan skandal rasuah yang telah merugikan negara.

Tag…";Sat Apr 18 09:56:20 +0000 2020;bieblong
"RT @4yesha_Nay: Bantuannya berupa 50 ton beras, 10 ribu hazmat suit hingga alat disinfektan...

MasyaAllah Rumah Yatim

#CoronaBungkamSkand…";Sat Apr 18 09:54:46 +0000 2020;sukatanyaj
"RT @demoSoCRAZY: Pemerintah Beri Dana Triliunan Untuk Ruangguru

??@msaid_didu : Baru Kali Ini Nepotisme Dipertontonkan Istana Secara Terbuk…";Sat Apr 18 09:53:12 +0000 2020;dodiraveni
"RT @demoSoCRAZY: Pemerintah Beri Dana Triliunan Untuk Ruangguru

??@msaid_didu : Baru Kali Ini Nepotisme Dipertontonkan Istana Secara Terbuk…";Sat Apr 18 09:48:41 +0000 2020;arbaiasa
"RT @demoSoCRAZY: Pemerintah Beri Dana Triliunan Untuk Ruangguru

??@msaid_didu : Baru Kali Ini Nepotisme Dipertontonkan Istana Secara Terbuk…";Sat Apr 18 09:48:17 +0000 2020;agungelsastra
"Apakah benar kita masih ounya istana atau sudah diambil oleh siapa....
#bukannegeribiasa #Lawyerdiary… https://t.co/gHwhdOiHJQ";Sat Apr 18 09:47:53 +0000 2020;arief_uniteak
"RT @demoSoCRAZY: Pemerintah Beri Dana Triliunan Untuk Ruangguru

??@msaid_didu : Baru Kali Ini Nepotisme Dipertontonkan Istana Secara Terbuk…";Sat Apr 18 09:47:40 +0000 2020;Rakyat18962192
"RT @demoSoCRAZY: Pemerintah Beri Dana Triliunan Untuk Ruangguru

??@msaid_didu : Baru Kali Ini Nepotisme Dipertontonkan Istana Secara Terbuk…";Sat Apr 18 09:41:57 +0000 2020;brainware83
"RT @demoSoCRAZY: Pemerintah Beri Dana Triliunan Untuk Ruangguru

??@msaid_didu : Baru Kali Ini Nepotisme Dipertontonkan Istana Secara Terbuk…";Sat Apr 18 09:40:06 +0000 2020;Mudakir60136277
"RT @Syuhada8__: Gak Malu Kelen rezim ( yang hanya bisa cuap cuap ) !!

Via : @idtodayco

Bocah kelas 3 SD sumbangkan Tabungan untuk pengada…";Sat Apr 18 09:38:29 +0000 2020;gpriatna
"RT @demoSoCRAZY: Jaman orba sampai era reformasi, sindikat koruptor itu jalankan KKN diluar Istana &amp; tertutup

??@msaid_didu:
Skrg KKN sanga…";Sat Apr 18 09:36:22 +0000 2020;reyharlan
"RT @demoSoCRAZY: Pemerintah Beri Dana Triliunan Untuk Ruangguru

??@msaid_didu : Baru Kali Ini Nepotisme Dipertontonkan Istana Secara Terbuk…";Sat Apr 18 09:36:21 +0000 2020;laksmurni
"RT @Resty23189880: Hanya secangkir kopi yang menyajikan rasa manis, bukan janji janji dari bibir yang terlihat manis??
Kupi dulu 

#CoronaB…";Sat Apr 18 09:36:14 +0000 2020;Musliha06977644
"RT @ekonomi_jeblok: Prediksi 8.000 Warga Akan Kena Corona, Anies Buat Tempat Isolasi di GOR|
BEDA MEMANG
Salut..antisipasi sdh dilakukan, d…";Sat Apr 18 09:35:25 +0000 2020;ker_asa
"RT @4yesha_Nay: Bantuannya berupa 50 ton beras, 10 ribu hazmat suit hingga alat disinfektan...

MasyaAllah Rumah Yatim

#CoronaBungkamSkand…";Sat Apr 18 09:35:13 +0000 2020;pacarmerah1897
"RT @Clarra_Catz: Jurus ampuh Vietnam Nol Kematian Corona :

*Pemerintah nya merespon Proaktif dr bln januari belajar dr kasus Wuhan

*Karan…";Sat Apr 18 09:34:41 +0000 2020;fuadagh99
"RT @demoSoCRAZY: Pemerintah Beri Dana Triliunan Untuk Ruangguru

??@msaid_didu : Baru Kali Ini Nepotisme Dipertontonkan Istana Secara Terbuk…";Sat Apr 18 09:32:56 +0000 2020;setyawarni123
#TurunkanHargaBBM #sabtuambyar #CoronaBungkamSkandalKorupsi #dindasafay #KamisAmbyar;Sat Apr 18 09:30:46 +0000 2020;masmaqyo
"RT @Pikachu_qu: Lihat nanti.. 
Apakah beliau akan mundur sbg Stafsus,tetap berbisnis tidak ada conflict of interest.

Atau tetap mjabat Sta…";Sat Apr 18 09:28:28 +0000 2020;natashabira
"RT @maes_rei: @D14h_Soew4rn02 @idtodayco Akal2an ni mbak, biar makin bnyak yg masuk dri sono, huuu,

#CoronaBungkamSkandalKorupsi
#CoronaBu…";Sat Apr 18 09:26:18 +0000 2020;MasTrimo9
"RT @demoSoCRAZY: Pemerintah Beri Dana Triliunan Untuk Ruangguru

??@msaid_didu : Baru Kali Ini Nepotisme Dipertontonkan Istana Secara Terbuk…";Sat Apr 18 09:26:03 +0000 2020;dedentr
RT @D14h_Soew4rn02: Nggenjot pemasukan negara ditengah pandemi corona dgn mengundang turis sama sj membunuhi rakyat. Keselamatan bangsa dia…;Sat Apr 18 09:25:52 +0000 2020;MasTrimo9
"RT @Fariez_Abbasy: Jaksa KPK membuka percakapan WA
SekJen PDIP Hasto K dgn terdakwa penyuap Kom KPU Wahyu S, Saeful B. Isinya mengungkap du…";Sat Apr 18 09:25:26 +0000 2020;rommy_analyst
RT @D14h_Soew4rn02: Nggenjot pemasukan negara ditengah pandemi corona dgn mengundang turis sama sj membunuhi rakyat. Keselamatan bangsa dia…;Sat Apr 18 09:25:20 +0000 2020;bizzybudz
"RT @demoSoCRAZY: Pemerintah Beri Dana Triliunan Untuk Ruangguru

??@msaid_didu : Baru Kali Ini Nepotisme Dipertontonkan Istana Secara Terbuk…";Sat Apr 18 09:23:30 +0000 2020;BudiR93982400
RT @D14h_Soew4rn02: Nggenjot pemasukan negara ditengah pandemi corona dgn mengundang turis sama sj membunuhi rakyat. Keselamatan bangsa dia…;Sat Apr 18 09:23:16 +0000 2020;doremi_mitsuo
"RT @cangkeureuheun: #CoronaBungkamSkandalKorupsi

??ini akibat plecinden kurang faham aturan dan etika? 

Atau naluri garong lebih kuat? 

A…";Sat Apr 18 09:21:36 +0000 2020;angga_blitza679
"RT @abun___: #CoronaBungkamSkandalKorupsi
#CoronaBungkamSkandalKorupsi

Pak polisi Kalian sebenarnya pelayan dan pengayom rakyat atau alat…";Sat Apr 18 09:20:46 +0000 2020;manazamorano
RT @D14h_Soew4rn02: Nggenjot pemasukan negara ditengah pandemi corona dgn mengundang turis sama sj membunuhi rakyat. Keselamatan bangsa dia…;Sat Apr 18 09:19:03 +0000 2020;Tuan_Firuye
RT @D14h_Soew4rn02: Nggenjot pemasukan negara ditengah pandemi corona dgn mengundang turis sama sj membunuhi rakyat. Keselamatan bangsa dia…;Sat Apr 18 09:18:51 +0000 2020;Kami_BukanRobot
"RT @YongL4dy: Muncul pandemi Corona seolah angin segar buat para koruptor, pengen bebas juga tapi Yg mulia takut juga diprotes rakyat 

Dik…";Sat Apr 18 09:14:07 +0000 2020;MJoeJoef1
"RT @demoSoCRAZY: Pemerintah Beri Dana Triliunan Untuk Ruangguru

??@msaid_didu : Baru Kali Ini Nepotisme Dipertontonkan Istana Secara Terbuk…";Sat Apr 18 09:13:27 +0000 2020;FirdausHasyim
"RT @demoSoCRAZY: Pemerintah Beri Dana Triliunan Untuk Ruangguru

??@msaid_didu : Baru Kali Ini Nepotisme Dipertontonkan Istana Secara Terbuk…";Sat Apr 18 09:11:27 +0000 2020;AdhieMassardi
"RT @cangkeureuheun: #CoronaBungkamSkandalKorupsi

??ini akibat plecinden kurang faham aturan dan etika? 

Atau naluri garong lebih kuat? 

A…";Sat Apr 18 09:10:56 +0000 2020;MJoeJoef1
Usut tuntas! #CoronaBungkamSkandalKorupsi https://t.co/MFn63U3IPl;Sat Apr 18 09:09:59 +0000 2020;Jabrix221
"RT @BoN_009: Situation room itu Pusat Analisa &amp; Pengendali Situasi yg dikepalai oleh Prananda Prabowo--anak dari Ketum PDIP Megawati--

sel…";Sat Apr 18 09:09:17 +0000 2020;MJoeJoef1
"RT @Den__Artfleck14: Pengamat : Kritikan Rizal Ramli berisi solusi bukan hoax, pemerintah baiknya bubarkan buzzer. 

BuzzerRp..?

#CoronaBu…";Sat Apr 18 09:08:50 +0000 2020;MJoeJoef1
RT @D14h_Soew4rn02: Nggenjot pemasukan negara ditengah pandemi corona dgn mengundang turis sama sj membunuhi rakyat. Keselamatan bangsa dia…;Sat Apr 18 09:04:03 +0000 2020;fd_SatuLagi
RT @D14h_Soew4rn02: Nggenjot pemasukan negara ditengah pandemi corona dgn mengundang turis sama sj membunuhi rakyat. Keselamatan bangsa dia…;Sat Apr 18 09:02:59 +0000 2020;Awie_NR
"RT @ekonomi_jeblok: Prediksi 8.000 Warga Akan Kena Corona, Anies Buat Tempat Isolasi di GOR|
BEDA MEMANG
Salut..antisipasi sdh dilakukan, d…";Sat Apr 18 09:01:58 +0000 2020;abdulra86637369
RT @PolitikusBadut: Ada yg ngerasa @KPK_RI diem2 juga ya di saat pandemi covid19, padahal PSBB hanya u/ masyarakat spy berdiam/bungkam diru…;Sat Apr 18 09:01:37 +0000 2020;MJoeJoef1
"RT @YongL4dy: Pemerintah Beri Dana Triliunan Untuk Ruangguru, Said Didu: Baru Kali Ini Nepotisme Dipertontonkan Istana Secara Terbuka

#Cor…";Sat Apr 18 08:59:16 +0000 2020;dharmayd1
"RT @bubanto: Koruptor sm dgn Pengkhianat yg merugikan Negara ??

#CoronaBungkamSkandalKorupsi
#CoronaBungkamSkandalKorupsi

Sejak 2014, KPK…";Sat Apr 18 08:58:43 +0000 2020;MJoeJoef1
"@HDouboegiez @SetiadiYudizaza Proyek bagi hasil ..????
#CoronaBungkamSkandalKorupsi
#CoronaBungkamSkandalKorup";Sat Apr 18 08:55:48 +0000 2020;Benzkardian
RT @D14h_Soew4rn02: Nggenjot pemasukan negara ditengah pandemi corona dgn mengundang turis sama sj membunuhi rakyat. Keselamatan bangsa dia…;Sat Apr 18 08:55:16 +0000 2020;Santo_Amora
"RT @Clarra_Catz: Jurus ampuh Vietnam Nol Kematian Corona :

*Pemerintah nya merespon Proaktif dr bln januari belajar dr kasus Wuhan

*Karan…";Sat Apr 18 08:54:36 +0000 2020;Rohim01035324
"RT @0O1972419: Coba sebutin hebatnya dia apa ?
Pasti pemuja bisa nyebutin...

Me : ?? Janji, Janji dan janji lagi

Up with hastag ??
#CoronaB…";Sat Apr 18 08:54:15 +0000 2020;Rohim01035324
"RT @HDouboegiez: Ruangguru Dapat Proyek Triliunan, Said Didu: Baru Kali Ini Nepotisme Di Istana Dipertontonkan Terbuka

#CoronaBungkamSkand…";Sat Apr 18 08:53:33 +0000 2020;Benzkardian
RT @parrbada: @RRichiRR @R4y4n4001 @ElaMawardani @R4Mujahidah @Putry_Tunggal95 @putriicyaa @untukmu25 @Al_blt @SunyiJalanKu__ @_L13m_1ndri4…;Sat Apr 18 08:52:36 +0000 2020;Rohim01035324
RT @D14h_Soew4rn02: Nggenjot pemasukan negara ditengah pandemi corona dgn mengundang turis sama sj membunuhi rakyat. Keselamatan bangsa dia…;Sat Apr 18 08:52:29 +0000 2020;MelaAme14943865
"RT @Resty23189880: Njirr enak banget kerja di era zaman Jokowi 
Stafsus cacing kremi kalau sdh dapet kue kekuasa'an mau mundur?
#CoronaBung…";Sat Apr 18 08:51:48 +0000 2020;Rohim01035324
"RT @ekonomi_jeblok: Prediksi 8.000 Warga Akan Kena Corona, Anies Buat Tempat Isolasi di GOR|
BEDA MEMANG
Salut..antisipasi sdh dilakukan, d…";Sat Apr 18 08:51:10 +0000 2020;Firmansyah0610
RT @D14h_Soew4rn02: Nggenjot pemasukan negara ditengah pandemi corona dgn mengundang turis sama sj membunuhi rakyat. Keselamatan bangsa dia…;Sat Apr 18 08:50:50 +0000 2020;hennysuhaeni21
"RT @HDouboegiez: Ruangguru Dapat Proyek Triliunan, Said Didu: Baru Kali Ini Nepotisme Di Istana Dipertontonkan Terbuka

#CoronaBungkamSkand…";Sat Apr 18 08:44:55 +0000 2020;NelfidaD
"RT @Mbobz17: Mana surat rekomendasinya pak???

#CoronaBungkamSkandalKorupsi

https://t.co/PDi60alpMZ";Sat Apr 18 08:37:10 +0000 2020;ana_kawung06
"RT @demoSoCRAZY: Pemerintah Beri Dana Triliunan Untuk Ruangguru

??@msaid_didu : Baru Kali Ini Nepotisme Dipertontonkan Istana Secara Terbuk…";Sat Apr 18 08:36:04 +0000 2020;nuridahayat1275
"RT @Bang_N_E_O: Kritik tajam dedi gumelar terkait covid-19

#CoronaBungkamSkandalKorupsi 
#CoronaBungkamSkandalKorupsi https://t.co/OvAyiTa…";Sat Apr 18 08:25:45 +0000 2020;firmanjz5
RT @D14h_Soew4rn02: Nggenjot pemasukan negara ditengah pandemi corona dgn mengundang turis sama sj membunuhi rakyat. Keselamatan bangsa dia…;Sat Apr 18 08:22:49 +0000 2020;FirdaSyeban
RT @D14h_Soew4rn02: Nggenjot pemasukan negara ditengah pandemi corona dgn mengundang turis sama sj membunuhi rakyat. Keselamatan bangsa dia…;Sat Apr 18 08:21:21 +0000 2020;H4L15541D
"RT @Mbobz17: Mana surat rekomendasinya pak???

#CoronaBungkamSkandalKorupsi

https://t.co/PDi60alpMZ";Sat Apr 18 08:18:29 +0000 2020;Abdulro73118652
"RT @demoSoCRAZY: Pemerintah Beri Dana Triliunan Untuk Ruangguru

??@msaid_didu : Baru Kali Ini Nepotisme Dipertontonkan Istana Secara Terbuk…";Sat Apr 18 08:14:15 +0000 2020;h2r_oedin
ingat, banyak nyamuk mati karena tepuk tangan. jangan tertipu dengan pujian. #AyoIkutiAturan #CoronaBungkamSkandalKorupsi;Sat Apr 18 08:08:52 +0000 2020;andryadiafif
Menjelang Ramadhan, senantiasa kita berdo'a agar Corona cepat berlalu #COVID19indonesia #CoronaBungkamSkandalKorupsi;Sat Apr 18 08:07:22 +0000 2020;99_muntasir
RT @D14h_Soew4rn02: Nggenjot pemasukan negara ditengah pandemi corona dgn mengundang turis sama sj membunuhi rakyat. Keselamatan bangsa dia…;Sat Apr 18 08:06:37 +0000 2020;aurelioabe
RT @D14h_Soew4rn02: Nggenjot pemasukan negara ditengah pandemi corona dgn mengundang turis sama sj membunuhi rakyat. Keselamatan bangsa dia…;Sat Apr 18 08:05:59 +0000 2020;fik_okeh
RT @D14h_Soew4rn02: Nggenjot pemasukan negara ditengah pandemi corona dgn mengundang turis sama sj membunuhi rakyat. Keselamatan bangsa dia…;Sat Apr 18 08:04:06 +0000 2020;henymenik1
"RT @donat_merica__: Cuma punya ini
Ya udah di up aja
????
#CoronaBungkamSkandalKorupsi https://t.co/w8ppsUG8lD";Sat Apr 18 08:01:08 +0000 2020;IstiatiIrawati
"RT @Fatimah_Sw33ty: Di tengah wabah Corona, dimana pekerja lokal banyak di PHK, tapi TKA dari China tetap aja berdatangan

Ada pa ya dg mas…";Sat Apr 18 07:59:48 +0000 2020;sandrabomber
"RT @demoSoCRAZY: Pemerintah Beri Dana Triliunan Untuk Ruangguru

??@msaid_didu : Baru Kali Ini Nepotisme Dipertontonkan Istana Secara Terbuk…";Sat Apr 18 07:58:37 +0000 2020;LucuMethodist
RT @D14h_Soew4rn02: Nggenjot pemasukan negara ditengah pandemi corona dgn mengundang turis sama sj membunuhi rakyat. Keselamatan bangsa dia…;Sat Apr 18 07:58:19 +0000 2020;the_schloss
Ada pegiat anti korupsi berprilaku abuse of power. Menyeret-nyeret keluarga presiden dlm urusan2 pemerintahan… https://t.co/vnrGOSZWe8;Sat Apr 18 07:57:57 +0000 2020;Murid_AmienRais
"RT @Mbobz17: Mana surat rekomendasinya pak???

#CoronaBungkamSkandalKorupsi

https://t.co/PDi60alpMZ";Sat Apr 18 07:55:44 +0000 2020;Asep19721
"Temukan LUNA THERMOGUN seharga Rp850000.00 hanya di Tokopedia!
https://t.co/gixOtsHMKc… https://t.co/7zd7gqAxp2";Sat Apr 18 07:55:18 +0000 2020;setiyawanreborn
RT @D14h_Soew4rn02: Nggenjot pemasukan negara ditengah pandemi corona dgn mengundang turis sama sj membunuhi rakyat. Keselamatan bangsa dia…;Sat Apr 18 07:48:02 +0000 2020;LailyShey
"RT @YongL4dy: Muncul pandemi Corona seolah angin segar buat para koruptor, pengen bebas juga tapi Yg mulia takut juga diprotes rakyat 

Dik…";Sat Apr 18 07:45:17 +0000 2020;kkvrindhavan
RT @D14h_Soew4rn02: Nggenjot pemasukan negara ditengah pandemi corona dgn mengundang turis sama sj membunuhi rakyat. Keselamatan bangsa dia…;Sat Apr 18 07:44:59 +0000 2020;kkvrindhavan
"RT @ekonomi_jeblok: Prediksi 8.000 Warga Akan Kena Corona, Anies Buat Tempat Isolasi di GOR|
BEDA MEMANG
Salut..antisipasi sdh dilakukan, d…";Sat Apr 18 07:44:55 +0000 2020;kkvrindhavan
"RT @demoSoCRAZY: Pemerintah Beri Dana Triliunan Untuk Ruangguru

??@msaid_didu : Baru Kali Ini Nepotisme Dipertontonkan Istana Secara Terbuk…";Sat Apr 18 07:37:01 +0000 2020;mmerdekaw
"RT @demoSoCRAZY: Pemerintah Beri Dana Triliunan Untuk Ruangguru

??@msaid_didu : Baru Kali Ini Nepotisme Dipertontonkan Istana Secara Terbuk…";Sat Apr 18 07:20:53 +0000 2020;elfath212
"RT @demoSoCRAZY: Pemerintah Beri Dana Triliunan Untuk Ruangguru

??@msaid_didu : Baru Kali Ini Nepotisme Dipertontonkan Istana Secara Terbuk…";Sat Apr 18 07:20:44 +0000 2020;TaufiqH09740086
"RT @demoSoCRAZY: Pemerintah Beri Dana Triliunan Untuk Ruangguru

??@msaid_didu : Baru Kali Ini Nepotisme Dipertontonkan Istana Secara Terbuk…";Sat Apr 18 07:19:57 +0000 2020;yhi2e
"RT @demoSoCRAZY: Pemerintah Beri Dana Triliunan Untuk Ruangguru

??@msaid_didu : Baru Kali Ini Nepotisme Dipertontonkan Istana Secara Terbuk…";Sat Apr 18 07:15:32 +0000 2020;fa_fave
"RT @demoSoCRAZY: Pemerintah Beri Dana Triliunan Untuk Ruangguru

??@msaid_didu : Baru Kali Ini Nepotisme Dipertontonkan Istana Secara Terbuk…";Sat Apr 18 07:15:06 +0000 2020;KartikoVianto
"RT @HDouboegiez: Ruangguru Dapat Proyek Triliunan, Said Didu: Baru Kali Ini Nepotisme Di Istana Dipertontonkan Terbuka

#CoronaBungkamSkand…";Sat Apr 18 07:11:53 +0000 2020;qhusaeni72
"RT @HARIW4NG: #CoronaBungkamSkandalKorupsi

Jae bilang duit diluar banyak ada 11.000triliun  blm lgi dikantong saya lbh bnyk lagi

Eeh duit…";Sat Apr 18 07:10:06 +0000 2020;AnugerahKeanu
"RT @demoSoCRAZY: Pemerintah Beri Dana Triliunan Untuk Ruangguru

??@msaid_didu : Baru Kali Ini Nepotisme Dipertontonkan Istana Secara Terbuk…";Sat Apr 18 06:59:55 +0000 2020;apeprosjad
RT @D14h_Soew4rn02: Nggenjot pemasukan negara ditengah pandemi corona dgn mengundang turis sama sj membunuhi rakyat. Keselamatan bangsa dia…;Sat Apr 18 06:59:21 +0000 2020;AgasSenja
"RT @Fatimah_Sw33ty: Di tengah wabah Corona, dimana pekerja lokal banyak di PHK, tapi TKA dari China tetap aja berdatangan

Ada pa ya dg mas…";Sat Apr 18 06:57:00 +0000 2020;bangipoel49
"RT @demoSoCRAZY: Pemerintah Beri Dana Triliunan Untuk Ruangguru

??@msaid_didu : Baru Kali Ini Nepotisme Dipertontonkan Istana Secara Terbuk…";Sat Apr 18 06:52:48 +0000 2020;Khaindra2
"RT @Fariez_Abbasy: Jaksa KPK membuka percakapan WA
SekJen PDIP Hasto K dgn terdakwa penyuap Kom KPU Wahyu S, Saeful B. Isinya mengungkap du…";Sat Apr 18 06:49:06 +0000 2020;Adyputrarajash3
"RT @demoSoCRAZY: Pemerintah Beri Dana Triliunan Untuk Ruangguru

??@msaid_didu : Baru Kali Ini Nepotisme Dipertontonkan Istana Secara Terbuk…";Sat Apr 18 06:47:53 +0000 2020;ragilsaputra645
"RT @McKayo_68: Menurut anda survei ini :

??????

Silahkan  ??????

RT    ??    Tidak percaya 
Like. ?.     Percaya 

#CoronaBungkamSkandalKorupsi…";Sat Apr 18 06:46:21 +0000 2020;Sucipto18409773
"RT @demoSoCRAZY: Pemerintah Beri Dana Triliunan Untuk Ruangguru

??@msaid_didu : Baru Kali Ini Nepotisme Dipertontonkan Istana Secara Terbuk…";Sat Apr 18 06:45:46 +0000 2020;wahyusukauto
"RT @Fariez_Abbasy: Jaksa KPK membuka percakapan WA
SekJen PDIP Hasto K dgn terdakwa penyuap Kom KPU Wahyu S, Saeful B. Isinya mengungkap du…";Sat Apr 18 06:42:01 +0000 2020;TajamPena
"RT @demoSoCRAZY: Pemerintah Beri Dana Triliunan Untuk Ruangguru

??@msaid_didu : Baru Kali Ini Nepotisme Dipertontonkan Istana Secara Terbuk…";Sat Apr 18 06:41:56 +0000 2020;Apkt010
"RT @YongL4dy: Pemerintah Beri Dana Triliunan Untuk Ruangguru, Said Didu: Baru Kali Ini Nepotisme Dipertontonkan Istana Secara Terbuka

#Cor…";Sat Apr 18 06:39:19 +0000 2020;AliDavala99
"RT @AntonPr12594871: Apa jadinya PSBB kalao warga bilang PAKAI MASKER GA COCOK DENGAN HIDUNGNYA ????
#PSBBRIAU #masker #BersatuJagaPangan #To…";Sat Apr 18 06:35:28 +0000 2020;myhomey28
"RT @Syuhada8__: Gak Malu Kelen rezim ( yang hanya bisa cuap cuap ) !!

Via : @idtodayco

Bocah kelas 3 SD sumbangkan Tabungan untuk pengada…";Sat Apr 18 06:32:59 +0000 2020;H_Salvani
"RT @demoSoCRAZY: Pemerintah Beri Dana Triliunan Untuk Ruangguru

??@msaid_didu : Baru Kali Ini Nepotisme Dipertontonkan Istana Secara Terbuk…";Sat Apr 18 06:32:26 +0000 2020;Wahyonoeltech
Jadi jelas para Pecundang Politik itu so jadi oposisi karna lahannya di bantai. Bajingan maling uang Rakyat...!!!… https://t.co/zEm71cbVOH;Sat Apr 18 06:30:28 +0000 2020;Abdulkholik1970
RT @4yesha_Nay: Pandemi virus Corona (COVID-19) membuat semakin banyak buruh yang dirumahkan dan kena PHK. Totalnya jika digabungkan telah…;Sat Apr 18 06:24:57 +0000 2020;UtomoSetyok4ila
"RT @demoSoCRAZY: Pemerintah Beri Dana Triliunan Untuk Ruangguru

??@msaid_didu : Baru Kali Ini Nepotisme Dipertontonkan Istana Secara Terbuk…";Sat Apr 18 06:23:37 +0000 2020;lenalusita
"RT @demoSoCRAZY: Pemerintah Beri Dana Triliunan Untuk Ruangguru

??@msaid_didu : Baru Kali Ini Nepotisme Dipertontonkan Istana Secara Terbuk…";Sat Apr 18 06:22:17 +0000 2020;mas_dikin786
"RT @Fariez_Abbasy: Jaksa KPK membuka percakapan WA
SekJen PDIP Hasto K dgn terdakwa penyuap Kom KPU Wahyu S, Saeful B. Isinya mengungkap du…";Sat Apr 18 06:20:34 +0000 2020;aliandotcomm
"RT @demoSoCRAZY: Pemerintah Beri Dana Triliunan Untuk Ruangguru

??@msaid_didu : Baru Kali Ini Nepotisme Dipertontonkan Istana Secara Terbuk…";Sat Apr 18 06:19:15 +0000 2020;umam_chaerul
"RT @demoSoCRAZY: Pemerintah Beri Dana Triliunan Untuk Ruangguru

??@msaid_didu : Baru Kali Ini Nepotisme Dipertontonkan Istana Secara Terbuk…";Sat Apr 18 06:16:05 +0000 2020;ZulhanAmir
"RT @Mbobz17: Mana surat rekomendasinya pak???

#CoronaBungkamSkandalKorupsi

https://t.co/PDi60alpMZ";Sat Apr 18 06:14:58 +0000 2020;rianbagus2706
"RT @demoSoCRAZY: Pemerintah Beri Dana Triliunan Untuk Ruangguru

??@msaid_didu : Baru Kali Ini Nepotisme Dipertontonkan Istana Secara Terbuk…";Sat Apr 18 06:07:30 +0000 2020;nana040461
"RT @G4kNyer4hBR0___: KASUS KORUPSI,  HILANG...!!

#CoronaBungkamSkandalKorupsi
#CoronaBungkamSkandalKorupsi

Semua Fokus Virus Covid-19, Ta…";Sat Apr 18 06:05:32 +0000 2020;harits_pasha
"RT @cangkeureuheun: #CoronaBungkamSkandalKorupsi

??ini akibat plecinden kurang faham aturan dan etika? 

Atau naluri garong lebih kuat? 

A…";Sat Apr 18 06:01:24 +0000 2020;ragilsaputra645
"RT @Fariez_Abbasy: Jaksa KPK membuka percakapan WA
SekJen PDIP Hasto K dgn terdakwa penyuap Kom KPU Wahyu S, Saeful B. Isinya mengungkap du…";Sat Apr 18 05:59:44 +0000 2020;adida_86
"RT @demoSoCRAZY: Pemerintah Beri Dana Triliunan Untuk Ruangguru

??@msaid_didu : Baru Kali Ini Nepotisme Dipertontonkan Istana Secara Terbuk…";Sat Apr 18 05:59:17 +0000 2020;bude_srie
"RT @abun___: #CoronaBungkamSkandalKorupsi
#CoronaBungkamSkandalKorupsi

Pak polisi Kalian sebenarnya pelayan dan pengayom rakyat atau alat…";Sat Apr 18 05:59:05 +0000 2020;ragilsaputra645
"RT @demoSoCRAZY: Pemerintah Beri Dana Triliunan Untuk Ruangguru

??@msaid_didu : Baru Kali Ini Nepotisme Dipertontonkan Istana Secara Terbuk…";Sat Apr 18 05:58:33 +0000 2020;babe_Ahmad
"RT @demoSoCRAZY: Pemerintah Beri Dana Triliunan Untuk Ruangguru

??@msaid_didu : Baru Kali Ini Nepotisme Dipertontonkan Istana Secara Terbuk…";Sat Apr 18 05:57:28 +0000 2020;adtrsn
"RT @HDouboegiez: Ruangguru Dapat Proyek Triliunan, Said Didu: Baru Kali Ini Nepotisme Di Istana Dipertontonkan Terbuka

#CoronaBungkamSkand…";Sat Apr 18 05:56:10 +0000 2020;lmtyas
"RT @Bang_N_E_O: Kritik tajam dedi gumelar terkait covid-19

#CoronaBungkamSkandalKorupsi 
#CoronaBungkamSkandalKorupsi https://t.co/OvAyiTa…";Sat Apr 18 05:56:06 +0000 2020;TrizaAndhika
"RT @Syuhada8__: Gak Malu Kelen rezim ( yang hanya bisa cuap cuap ) !!

Via : @idtodayco

Bocah kelas 3 SD sumbangkan Tabungan untuk pengada…";Sat Apr 18 05:55:57 +0000 2020;ntieonly
"RT @demoSoCRAZY: Pemerintah Beri Dana Triliunan Untuk Ruangguru

??@msaid_didu : Baru Kali Ini Nepotisme Dipertontonkan Istana Secara Terbuk…";Sat Apr 18 05:55:53 +0000 2020;ibach77
"RT @demoSoCRAZY: Pemerintah Beri Dana Triliunan Untuk Ruangguru

??@msaid_didu : Baru Kali Ini Nepotisme Dipertontonkan Istana Secara Terbuk…";Sat Apr 18 05:54:56 +0000 2020;n_lintang
"RT @YongL4dy: Pemerintah Beri Dana Triliunan Untuk Ruangguru, Said Didu: Baru Kali Ini Nepotisme Dipertontonkan Istana Secara Terbuka

#Cor…";Sat Apr 18 05:54:54 +0000 2020;Yasmin15889819
"RT @Syuhada8__: Gak Malu Kelen rezim ( yang hanya bisa cuap cuap ) !!

Via : @idtodayco

Bocah kelas 3 SD sumbangkan Tabungan untuk pengada…";Sat Apr 18 05:54:38 +0000 2020;RadenSyuhada8
"RT @demoSoCRAZY: Pemerintah Beri Dana Triliunan Untuk Ruangguru

??@msaid_didu : Baru Kali Ini Nepotisme Dipertontonkan Istana Secara Terbuk…";Sat Apr 18 05:54:20 +0000 2020;viskaya
"RT @demoSoCRAZY: Pemerintah Beri Dana Triliunan Untuk Ruangguru

??@msaid_didu : Baru Kali Ini Nepotisme Dipertontonkan Istana Secara Terbuk…";Sat Apr 18 05:54:17 +0000 2020;FreddyIndrawan
"RT @HDouboegiez: Ruangguru Dapat Proyek Triliunan, Said Didu: Baru Kali Ini Nepotisme Di Istana Dipertontonkan Terbuka

#CoronaBungkamSkand…";Sat Apr 18 05:53:39 +0000 2020;terkembang_4817
"Iqbal siapa sih ? Bkan Iqbal ini kan ? 
Link nya ; https://t.co/gm5MKIl9Xt

#THRJUMATRICIS #UmmatanWahidan… https://t.co/ONrq6CgAoX";Sat Apr 18 05:52:32 +0000 2020;Hustlering96
"RT @donat_merica__: Cuma punya ini
Ya udah di up aja
????
#CoronaBungkamSkandalKorupsi https://t.co/w8ppsUG8lD";Sat Apr 18 05:52:30 +0000 2020;Yasmin15889819
"RT @demoSoCRAZY: Jaman orba sampai era reformasi, sindikat koruptor itu jalankan KKN diluar Istana &amp; tertutup

??@msaid_didu:
Skrg KKN sanga…";Sat Apr 18 05:52:22 +0000 2020;Yasmin15889819
"RT @demoSoCRAZY: Pemerintah Beri Dana Triliunan Untuk Ruangguru

??@msaid_didu : Baru Kali Ini Nepotisme Dipertontonkan Istana Secara Terbuk…";Sat Apr 18 05:51:34 +0000 2020;AyesRAYA
"RT @demoSoCRAZY: Pemerintah Beri Dana Triliunan Untuk Ruangguru

??@msaid_didu : Baru Kali Ini Nepotisme Dipertontonkan Istana Secara Terbuk…";Sat Apr 18 05:50:59 +0000 2020;pratamaadlian
"RT @demoSoCRAZY: Pemerintah Beri Dana Triliunan Untuk Ruangguru

??@msaid_didu : Baru Kali Ini Nepotisme Dipertontonkan Istana Secara Terbuk…";Sat Apr 18 05:50:58 +0000 2020;NegriMerahPutih
"RT @demoSoCRAZY: Pemerintah Beri Dana Triliunan Untuk Ruangguru

??@msaid_didu : Baru Kali Ini Nepotisme Dipertontonkan Istana Secara Terbuk…";Sat Apr 18 05:50:10 +0000 2020;a_riff
"RT @demoSoCRAZY: Pemerintah Beri Dana Triliunan Untuk Ruangguru

??@msaid_didu : Baru Kali Ini Nepotisme Dipertontonkan Istana Secara Terbuk…";Sat Apr 18 05:50:09 +0000 2020;barsono
"RT @demoSoCRAZY: Pemerintah Beri Dana Triliunan Untuk Ruangguru

??@msaid_didu : Baru Kali Ini Nepotisme Dipertontonkan Istana Secara Terbuk…";Sat Apr 18 05:49:11 +0000 2020;Saputra_2414
"RT @demoSoCRAZY: Pemerintah Beri Dana Triliunan Untuk Ruangguru

??@msaid_didu : Baru Kali Ini Nepotisme Dipertontonkan Istana Secara Terbuk…";Sat Apr 18 05:49:06 +0000 2020;sofians
"RT @demoSoCRAZY: Pemerintah Beri Dana Triliunan Untuk Ruangguru

??@msaid_didu : Baru Kali Ini Nepotisme Dipertontonkan Istana Secara Terbuk…";Sat Apr 18 05:47:38 +0000 2020;Masdjodi1
"RT @demoSoCRAZY: Pemerintah Beri Dana Triliunan Untuk Ruangguru

??@msaid_didu : Baru Kali Ini Nepotisme Dipertontonkan Istana Secara Terbuk…";Sat Apr 18 05:47:32 +0000 2020;ariefjoenaedy
"Lapar gak berarti kenyang bagi si miskin.
Si lapar yang kurus kering gak akan bisa kita kenyangkan dengan kata keny… https://t.co/Bs6LH9DMfk";Sat Apr 18 05:46:59 +0000 2020;summonaja
"RT @demoSoCRAZY: Pemerintah Beri Dana Triliunan Untuk Ruangguru

??@msaid_didu : Baru Kali Ini Nepotisme Dipertontonkan Istana Secara Terbuk…";Sat Apr 18 05:46:13 +0000 2020;08Rasul
"RT @demoSoCRAZY: Pemerintah Beri Dana Triliunan Untuk Ruangguru

??@msaid_didu : Baru Kali Ini Nepotisme Dipertontonkan Istana Secara Terbuk…";Sat Apr 18 05:45:21 +0000 2020;agoeng_es
"RT @demoSoCRAZY: Pemerintah Beri Dana Triliunan Untuk Ruangguru

??@msaid_didu : Baru Kali Ini Nepotisme Dipertontonkan Istana Secara Terbuk…";Sat Apr 18 05:45:14 +0000 2020;SyairRevolusi
"RT @demoSoCRAZY: Pemerintah Beri Dana Triliunan Untuk Ruangguru

??@msaid_didu : Baru Kali Ini Nepotisme Dipertontonkan Istana Secara Terbuk…";Sat Apr 18 05:44:48 +0000 2020;rizayana
"RT @demoSoCRAZY: Pemerintah Beri Dana Triliunan Untuk Ruangguru

??@msaid_didu : Baru Kali Ini Nepotisme Dipertontonkan Istana Secara Terbuk…";Sat Apr 18 05:44:17 +0000 2020;msaid_didu
"1 pasien berbohong 46 tenaga medis RS Kariadi Semarang positif Corona
1 boneka tukang bohong 270 juta jiwa minus lu… https://t.co/WsB4aEp5nT";Sat Apr 18 05:39:58 +0000 2020;supergun4
"RT @ekonomi_jeblok: Prediksi 8.000 Warga Akan Kena Corona, Anies Buat Tempat Isolasi di GOR|
BEDA MEMANG
Salut..antisipasi sdh dilakukan, d…";Sat Apr 18 05:34:23 +0000 2020;Khaibar92110952
"RT @Mbobz17: Mana surat rekomendasinya pak???

#CoronaBungkamSkandalKorupsi

https://t.co/PDi60alpMZ";Sat Apr 18 05:34:07 +0000 2020;AlangBabega766
"RT @cangkeureuheun: #CoronaBungkamSkandalKorupsi

??ini akibat plecinden kurang faham aturan dan etika? 

Atau naluri garong lebih kuat? 

A…";Sat Apr 18 05:33:08 +0000 2020;RudySt6
RT @demoSoCRAZY: Cukuplah masyarakat saja yg ikhlas di bungkam PSBB saat Pandemic Covid19, @KPK_RI gak usah ikut2an di bungkam??krn ada Coro…;Sat Apr 18 05:31:39 +0000 2020;Khaibar92110952
"RT @Syuhada8__: Gak Malu Kelen rezim ( yang hanya bisa cuap cuap ) !!

Via : @idtodayco

Bocah kelas 3 SD sumbangkan Tabungan untuk pengada…";Sat Apr 18 05:26:18 +0000 2020;Antok114
"ADA TEMAN, SINYAL LANCAR, IP AMAN.
#mahasiswa 
#KuliahOnline 
#IPK 
#BubarkanStafsusPresiden 
#bacotansantuy… https://t.co/5dj8EoaNf1";Sat Apr 18 05:19:44 +0000 2020;summonaja
"Dirumah mulu haredang kalah geh ah 
.
.
@jokowi #hehe #StafsusOtakKoruptor #BubarkanStafsusPresiden… https://t.co/5e6fGIQUId";Sat Apr 18 05:09:50 +0000 2020;novimeong02
"RT @demoSoCRAZY: Pemerintah Beri Dana Triliunan Untuk Ruangguru

??@msaid_didu : Baru Kali Ini Nepotisme Dipertontonkan Istana Secara Terbuk…";Sat Apr 18 04:58:01 +0000 2020;deandry
"RT @YongL4dy: Pernah kenal tapi tidak terlalu dekat, 

Yang suap biasanya udah saling mengenal, gk masuk akal tidak kenal dekat tetapi bera…";Sat Apr 18 04:50:51 +0000 2020;mangdiman07
"RT @YongL4dy: Pernah kenal tapi tidak terlalu dekat, 

Yang suap biasanya udah saling mengenal, gk masuk akal tidak kenal dekat tetapi bera…";Sat Apr 18 04:42:21 +0000 2020;IpungLombok
"RT @YongL4dy: Muncul pandemi Corona seolah angin segar buat para koruptor, pengen bebas juga tapi Yg mulia takut juga diprotes rakyat 

Dik…";Sat Apr 18 04:42:12 +0000 2020;IpungLombok
RT @4yesha_Nay: Pandemi virus Corona (COVID-19) membuat semakin banyak buruh yang dirumahkan dan kena PHK. Totalnya jika digabungkan telah…;Sat Apr 18 04:41:32 +0000 2020;uda_padang_pjg
"Lagi"" sipit Ngahox ??????????
#CoronaBungkamSkandalKorupsi https://t.co/M2DUEMzsjr";Sat Apr 18 04:40:34 +0000 2020;Arman260471
"RT @Bang_N_E_O: Kritik tajam dedi gumelar terkait covid-19

#CoronaBungkamSkandalKorupsi 
#CoronaBungkamSkandalKorupsi https://t.co/OvAyiTa…";Sat Apr 18 04:38:12 +0000 2020;WahyuadipZ
"RT @D14h_Soew4rn02: @samsuldh @vitta_mangelep @idtodayco Takut dibunuh kali, karena udah umbar janji sama China 
#CoronaBungkamSkandalKorup…";Sat Apr 18 04:36:25 +0000 2020;samsuldh
"RT @Bang_N_E_O: Kritik tajam dedi gumelar terkait covid-19

#CoronaBungkamSkandalKorupsi 
#CoronaBungkamSkandalKorupsi https://t.co/OvAyiTa…";Sat Apr 18 04:35:47 +0000 2020;babe_Ahmad
"RT @cangkeureuheun: #CoronaBungkamSkandalKorupsi

??ini akibat plecinden kurang faham aturan dan etika? 

Atau naluri garong lebih kuat? 

A…";Sat Apr 18 04:35:21 +0000 2020;Andrirafly3
"RT @abun___: #CoronaBungkamSkandalKorupsi
#CoronaBungkamSkandalKorupsi

Pak polisi Kalian sebenarnya pelayan dan pengayom rakyat atau alat…";Sat Apr 18 04:31:40 +0000 2020;CikalJsp
"RT @_kyy_r44_: Kehadiran si virus ajaib telah memberikan berkah kepada koruptor dan banksatbankza yg jadi pelindungnya.

#CoronaBungkamSkan…";Sat Apr 18 04:29:33 +0000 2020;ZuqiYem
"RT @ekonomi_jeblok: Prediksi 8.000 Warga Akan Kena Corona, Anies Buat Tempat Isolasi di GOR|
BEDA MEMANG
Salut..antisipasi sdh dilakukan, d…";Sat Apr 18 04:27:10 +0000 2020;LKertiawan
"RT @ekonomi_jeblok: Prediksi 8.000 Warga Akan Kena Corona, Anies Buat Tempat Isolasi di GOR|
BEDA MEMANG
Salut..antisipasi sdh dilakukan, d…";Sat Apr 18 04:27:09 +0000 2020;pacarmerah1897
"Kok gak ono caleg caleg bagi bagi masker ya,,

Eh kliru legislatif"" maksud e??

#KartuPrakerja #bacotansantuy… https://t.co/YMikJeY9WT";Sat Apr 18 04:26:59 +0000 2020;EkoSaputro05
"RT @0O1972419: Coba sebutin hebatnya dia apa ?
Pasti pemuja bisa nyebutin...

Me : ?? Janji, Janji dan janji lagi

Up with hastag ??
#CoronaB…";Sat Apr 18 04:22:36 +0000 2020;M212Rahmat
"RT @HDouboegiez: Ruangguru Dapat Proyek Triliunan, Said Didu: Baru Kali Ini Nepotisme Di Istana Dipertontonkan Terbuka

#CoronaBungkamSkand…";Sat Apr 18 04:22:24 +0000 2020;subchi20
"RT @ekonomi_jeblok: Prediksi 8.000 Warga Akan Kena Corona, Anies Buat Tempat Isolasi di GOR|
BEDA MEMANG
Salut..antisipasi sdh dilakukan, d…";Sat Apr 18 04:20:13 +0000 2020;1966Arjuna
"RT @Mbobz17: Mana surat rekomendasinya pak???

#CoronaBungkamSkandalKorupsi

https://t.co/PDi60alpMZ";Sat Apr 18 04:10:00 +0000 2020;HudaibiSanto
"RT @Nobita_qu: Question..

Pemimpin yang fokus ke nyawa warga negara atau yang fokus ke uang ciri2nya adalah ?

#CoronaBungkamSkandalKorups…";Sat Apr 18 04:07:05 +0000 2020;AgamJazzbali
"RT @Mbobz17: Mana surat rekomendasinya pak???

#CoronaBungkamSkandalKorupsi

https://t.co/PDi60alpMZ";Sat Apr 18 04:06:18 +0000 2020;UtomoSetyok4ila
"RT @udalamodirantau: https://t.co/IkQtobDpxR lewat @okezonenews
Pemerintah Indonesia melalui Kementerian Agama (Kemenag) mengimbau agar sel…";Sat Apr 18 04:05:52 +0000 2020;Bule_97
"RT @ekonomi_jeblok: Prediksi 8.000 Warga Akan Kena Corona, Anies Buat Tempat Isolasi di GOR|
BEDA MEMANG
Salut..antisipasi sdh dilakukan, d…";Sat Apr 18 04:04:50 +0000 2020;the_schloss
"RT @cangkeureuheun: #CoronaBungkamSkandalKorupsi

??ini akibat plecinden kurang faham aturan dan etika? 

Atau naluri garong lebih kuat? 

A…";Sat Apr 18 04:04:02 +0000 2020;AdeSupr00510048
"RT @Nobita_qu: Question..

Pemimpin yang fokus ke nyawa warga negara atau yang fokus ke uang ciri2nya adalah ?

#CoronaBungkamSkandalKorups…";Sat Apr 18 04:02:31 +0000 2020;Muhamma11761378
"RT @ekonomi_jeblok: Prediksi 8.000 Warga Akan Kena Corona, Anies Buat Tempat Isolasi di GOR|
BEDA MEMANG
Salut..antisipasi sdh dilakukan, d…";Sat Apr 18 04:02:11 +0000 2020;Yasmin15889819
"RT @AntonPr12594871: Apa jadinya PSBB kalao warga bilang PAKAI MASKER GA COCOK DENGAN HIDUNGNYA ????
#PSBBRIAU #masker #BersatuJagaPangan #To…";Sat Apr 18 04:01:50 +0000 2020;polri_tni
"RT @ekonomi_jeblok: Prediksi 8.000 Warga Akan Kena Corona, Anies Buat Tempat Isolasi di GOR|
BEDA MEMANG
Salut..antisipasi sdh dilakukan, d…";Sat Apr 18 03:56:44 +0000 2020;MusabBinUmair19
#CoronaBungkamSkandalKorupsi https://t.co/r7I8D1OwH1;Sat Apr 18 03:54:11 +0000 2020;tnovri
"RT @Mbobz17: Mana surat rekomendasinya pak???

#CoronaBungkamSkandalKorupsi

https://t.co/PDi60alpMZ";Sat Apr 18 03:54:02 +0000 2020;gendro_kesesi
"RT @____mashend22: Assalamualaikum semua semoga kita semua selalu diberikan kesehatan dan keselamatan

#CoronaBungkamSkandalKorupsi https:/…";Sat Apr 18 03:53:36 +0000 2020;Miss_R01
RT @demoSoCRAZY: Cukuplah masyarakat saja yg ikhlas di bungkam PSBB saat Pandemic Covid19, @KPK_RI gak usah ikut2an di bungkam??krn ada Coro…;Sat Apr 18 03:52:04 +0000 2020;LaJoef
"RT @ekonomi_jeblok: Prediksi 8.000 Warga Akan Kena Corona, Anies Buat Tempat Isolasi di GOR|
BEDA MEMANG
Salut..antisipasi sdh dilakukan, d…";Sat Apr 18 03:50:51 +0000 2020;_venanne
RT @PolitikusBadut: Ada yg ngerasa @KPK_RI diem2 juga ya di saat pandemi covid19, padahal PSBB hanya u/ masyarakat spy berdiam/bungkam diru…;Sat Apr 18 03:48:50 +0000 2020;LaJoef
"Begitulah fakta sistem rusak dan merusak demokerasi ini... 
#BubarkanStafsusPresiden #CoronaBungkamSkandalKorupsi… https://t.co/iTc5iT8C48";Sat Apr 18 03:48:38 +0000 2020;faruq_bang
"RT @demoSoCRAZY: Jaman orba sampai era reformasi, sindikat koruptor itu jalankan KKN diluar Istana &amp; tertutup

??@msaid_didu:
Skrg KKN sanga…";Sat Apr 18 03:48:13 +0000 2020;LaJoef
"@Mbobz17 dukung Yasona buka surat rekomendasi PBB
#CoronaBungkamSkandalKorupsi";Sat Apr 18 03:44:22 +0000 2020;yarham02
#tolakDaruratSipil #TolakOmnibusLaw #RabuAmbyar #BubarkanStafsusPresiden #vcsberbayar #CoronaBungkamSkandalKorupsi… https://t.co/g8Z7Fx3FP8;Sat Apr 18 03:40:45 +0000 2020;bambanggeterosh
Perawat makin banyak yg gugur,langkah pemerintah bagaimana untuk para tenaga kesehatan terkhusunya perawat,dokter d… https://t.co/w3jlXrjZ9U;Sat Apr 18 03:40:05 +0000 2020;ammankkebbong
Bantuan pemerintah,perlu pengawasan ketat karena pandemik kovid 19 ini di jadikan pesta besar besaran bagi kaum kor… https://t.co/5tjSllRZwf;Sat Apr 18 03:39:40 +0000 2020;SemarBodronoyo8
"RT @ekonomi_jeblok: Prediksi 8.000 Warga Akan Kena Corona, Anies Buat Tempat Isolasi di GOR|
BEDA MEMANG
Salut..antisipasi sdh dilakukan, d…";Sat Apr 18 03:31:32 +0000 2020;miss_tek
"RT @ekonomi_jeblok: Prediksi 8.000 Warga Akan Kena Corona, Anies Buat Tempat Isolasi di GOR|
BEDA MEMANG
Salut..antisipasi sdh dilakukan, d…";Sat Apr 18 03:26:09 +0000 2020;supriya62582459
RT @Murid_AmienRais: Bertanya-tanya, apakah ini akun @KPK_RI atau sekolah PAUD??? #CoronaBungkamSkandalKorupsi #CoronaBungkamSkandalKorupsi…;Sat Apr 18 03:24:12 +0000 2020;Nahomy86607727
"@Ndokee_nyett Aamiin.. Trmksh Dek..
#CoronaBungkamSkandalKorupsi";Sat Apr 18 03:24:06 +0000 2020;EZZYelvi
"RT @YongL4dy: Pemerintah Beri Dana Triliunan Untuk Ruangguru, Said Didu: Baru Kali Ini Nepotisme Dipertontonkan Istana Secara Terbuka

#Cor…";Sat Apr 18 03:23:55 +0000 2020;sarisetiawaty
RT @Murid_AmienRais: Bertanya-tanya, apakah ini akun @KPK_RI atau sekolah PAUD??? #CoronaBungkamSkandalKorupsi #CoronaBungkamSkandalKorupsi…;Sat Apr 18 03:23:47 +0000 2020;thomas_sm1
"RT @ekonomi_jeblok: Prediksi 8.000 Warga Akan Kena Corona, Anies Buat Tempat Isolasi di GOR|
BEDA MEMANG
Salut..antisipasi sdh dilakukan, d…";Sat Apr 18 03:23:15 +0000 2020;iphayfaisal
"RT @YongL4dy: Pemerintah Beri Dana Triliunan Untuk Ruangguru, Said Didu: Baru Kali Ini Nepotisme Dipertontonkan Istana Secara Terbuka

#Cor…";Sat Apr 18 03:21:10 +0000 2020;farhanudin018
"RT @s4ng_pn4kLuk: Kesimpulannya duit ada atau tdk ?? 

Anda terlalu banyak regulasi yg ga masuk akal ... smentara anda melihat sendiri data…";Sat Apr 18 03:20:19 +0000 2020;umam_chaerul
"RT @HDouboegiez: Ruangguru Dapat Proyek Triliunan, Said Didu: Baru Kali Ini Nepotisme Di Istana Dipertontonkan Terbuka

#CoronaBungkamSkand…";Sat Apr 18 03:16:28 +0000 2020;ZMarajo
"RT @Mbobz17: Mana surat rekomendasinya pak???

#CoronaBungkamSkandalKorupsi

https://t.co/PDi60alpMZ";Sat Apr 18 03:16:09 +0000 2020;houschen
"RT @MudjiburRohman: ?S??t??a??f??s??u??s?
#CoronaBungkamSkandalKorupsi https://t.co/W6ptvsWA8z";Sat Apr 18 03:15:04 +0000 2020;hangusukma
"RT @Bang_N_E_O: Kritik tajam dedi gumelar terkait covid-19

#CoronaBungkamSkandalKorupsi 
#CoronaBungkamSkandalKorupsi https://t.co/OvAyiTa…";Sat Apr 18 03:10:41 +0000 2020;nana040461
"RT @HDouboegiez: Ruangguru Dapat Proyek Triliunan, Said Didu: Baru Kali Ini Nepotisme Di Istana Dipertontonkan Terbuka

#CoronaBungkamSkand…";Sat Apr 18 03:05:40 +0000 2020;Masdjodi1
"RT @Mbobz17: Mana surat rekomendasinya pak???

#CoronaBungkamSkandalKorupsi

https://t.co/PDi60alpMZ";Sat Apr 18 03:05:02 +0000 2020;tusinojapan
"RT @donat_merica__: Cuma punya ini
Ya udah di up aja
????
#CoronaBungkamSkandalKorupsi https://t.co/w8ppsUG8lD";Sat Apr 18 03:04:44 +0000 2020;jojoerfan
RT @D14h_Soew4rn02: @maes_rei @idtodayco Apa opung punya dendam pribadi  pada pribumi ya? Kok rasanya dia pengin matiin rakyat pribumi yang…;Sat Apr 18 03:04:32 +0000 2020;nana040461
"RT @cangkeureuheun: #CoronaBungkamSkandalKorupsi

??ini akibat plecinden kurang faham aturan dan etika? 

Atau naluri garong lebih kuat? 

A…";Sat Apr 18 03:03:52 +0000 2020;reviel08
"RT @ekonomi_jeblok: Prediksi 8.000 Warga Akan Kena Corona, Anies Buat Tempat Isolasi di GOR|
BEDA MEMANG
Salut..antisipasi sdh dilakukan, d…";Sat Apr 18 03:02:48 +0000 2020;reviel08
"#BancakanAnggaran
#CoronaBungkamSkandalKorupsi 
#Demoncrazy
# https://t.co/oyf2NLuhXw";Sat Apr 18 03:00:07 +0000 2020;JombangJoss
"RT @s4ng_pn4kLuk: Kesimpulannya duit ada atau tdk ?? 

Anda terlalu banyak regulasi yg ga masuk akal ... smentara anda melihat sendiri data…";Sat Apr 18 02:57:56 +0000 2020;s4ng_pn4kLuk
"Karya Besar @Kemenkumham_RI anak asuhnya mau rampok Polisi.
Polisi aja mau dirampok
Apalagi Rakyat..?… https://t.co/nTr2PbNi1R";Sat Apr 18 02:56:43 +0000 2020;TamongPanji
"RT @cangkeureuheun: #CoronaBungkamSkandalKorupsi

??ini akibat plecinden kurang faham aturan dan etika? 

Atau naluri garong lebih kuat? 

A…";Sat Apr 18 02:55:49 +0000 2020;Modin79Muhidin
"RT @cangkeureuheun: #CoronaBungkamSkandalKorupsi

??ini akibat plecinden kurang faham aturan dan etika? 

Atau naluri garong lebih kuat? 

A…";Sat Apr 18 02:50:26 +0000 2020;matamelihat999
RT @demoSoCRAZY: Cukuplah masyarakat saja yg ikhlas di bungkam PSBB saat Pandemic Covid19, @KPK_RI gak usah ikut2an di bungkam??krn ada Coro…;Sat Apr 18 02:42:14 +0000 2020;Masartono
"RT @Bang_N_E_O: Kritik tajam dedi gumelar terkait covid-19

#CoronaBungkamSkandalKorupsi 
#CoronaBungkamSkandalKorupsi https://t.co/OvAyiTa…";Sat Apr 18 02:42:11 +0000 2020;woy_lau
"RT @BoN_009: Situation room itu Pusat Analisa &amp; Pengendali Situasi yg dikepalai oleh Prananda Prabowo--anak dari Ketum PDIP Megawati--

sel…";Sat Apr 18 02:42:05 +0000 2020;MAyladevi
"Gua kira beneran tetangga gua positif corona,, gua nnya ke emak ternyata positif hamil??

#Covid_19 #CoronaIndonesia… https://t.co/RMYJCcBVWQ";Sat Apr 18 02:41:00 +0000 2020;RizkyAji161
"RT @ekonomi_jeblok: Prediksi 8.000 Warga Akan Kena Corona, Anies Buat Tempat Isolasi di GOR|
BEDA MEMANG
Salut..antisipasi sdh dilakukan, d…";Sat Apr 18 02:40:52 +0000 2020;eric_joo1
"RT @Kuusebut_namaMu: Guys....
IMF kaya bangetttt dah ????
100 negara mau berhutang pada IMF.

Kira², pemilik IMF siapa ya?
Ingin hatiku pedek…";Sat Apr 18 02:40:40 +0000 2020;Fisabil49338483
"RT @Fariez_Abbasy: Jaksa KPK membuka percakapan WA
SekJen PDIP Hasto K dgn terdakwa penyuap Kom KPU Wahyu S, Saeful B. Isinya mengungkap du…";Sat Apr 18 02:39:01 +0000 2020;baddocq
"RT @Den__Artfleck14: Pantas aja kau teriak semvack teroosss rupanya dari kecil tak semvackan pula kau ???????? @dark_hunter__ 

#CoronaBungkamS…";Sat Apr 18 02:37:10 +0000 2020;roon3651
"RT @YongL4dy: Pemerintah Beri Dana Triliunan Untuk Ruangguru, Said Didu: Baru Kali Ini Nepotisme Dipertontonkan Istana Secara Terbuka

#Cor…";Sat Apr 18 02:33:36 +0000 2020;deliveria2
"RT @ekonomi_jeblok: Prediksi 8.000 Warga Akan Kena Corona, Anies Buat Tempat Isolasi di GOR|
BEDA MEMANG
Salut..antisipasi sdh dilakukan, d…";Sat Apr 18 02:24:13 +0000 2020;presa_kautsar
Mending nahan cemburu dari pada nahan éé ! #follobackforfolloback #folloback #FolloMe #FolloForFolloBack… https://t.co/36KXggrLEE;Sat Apr 18 02:23:03 +0000 2020;RaniNurhayani7
"RT @cangkeureuheun: #CoronaBungkamSkandalKorupsi

??ini akibat plecinden kurang faham aturan dan etika? 

Atau naluri garong lebih kuat? 

A…";Sat Apr 18 02:21:26 +0000 2020;Irpan_haris
"RT @ekonomi_jeblok: Prediksi 8.000 Warga Akan Kena Corona, Anies Buat Tempat Isolasi di GOR|
BEDA MEMANG
Salut..antisipasi sdh dilakukan, d…";Sat Apr 18 02:19:47 +0000 2020;Veenone
RT @koinpeduliojol: Apakah kalian sependapat dengan kemenhub bahwa KRL jabodetabek  tetap beroparsi? #TotalitasLawanCorona #CoronaBungkamSk…;Sat Apr 18 02:18:01 +0000 2020;koinpeduliojol
"RT @Fariez_Abbasy: Jaksa KPK membuka percakapan WA
SekJen PDIP Hasto K dgn terdakwa penyuap Kom KPU Wahyu S, Saeful B. Isinya mengungkap du…";Sat Apr 18 02:17:28 +0000 2020;muhcotan
"RT @cangkeureuheun: #CoronaBungkamSkandalKorupsi

??ini akibat plecinden kurang faham aturan dan etika? 

Atau naluri garong lebih kuat? 

A…";Sat Apr 18 02:16:45 +0000 2020;BatubaraFahreza
"RT @ekonomi_jeblok: Prediksi 8.000 Warga Akan Kena Corona, Anies Buat Tempat Isolasi di GOR|
BEDA MEMANG
Salut..antisipasi sdh dilakukan, d…";Sat Apr 18 02:16:29 +0000 2020;aa_rahman21
"RT @ekonomi_jeblok: Prediksi 8.000 Warga Akan Kena Corona, Anies Buat Tempat Isolasi di GOR|
BEDA MEMANG
Salut..antisipasi sdh dilakukan, d…";Sat Apr 18 02:12:57 +0000 2020;sarisetiawaty
RT @BasriKarim1: Kejaksaan Agung (Kejagung) terus mendalami kasus dugaan tindak pidana korupsi PT Asuransi Jiwasraya dengan memeriksa sejum…;Sat Apr 18 02:11:29 +0000 2020;Yasmin15889819
"RT @0O1972419: Coba sebutin hebatnya dia apa ?
Pasti pemuja bisa nyebutin...

Me : ?? Janji, Janji dan janji lagi

Up with hastag ??
#CoronaB…";Sat Apr 18 02:09:03 +0000 2020;Yasmin15889819
"RT @untukmu25: ???????? ??????????????

Tagar kita hari ini

#CoronaBungkamSkandalKorupsi

Yg ingin ikut viralkan TAGAR ini

#CoronaBungkamSkandalKoru…";Sat Apr 18 02:07:59 +0000 2020;SrikandiPrabowo
RT @D14h_Soew4rn02: Nggenjot pemasukan negara ditengah pandemi corona dgn mengundang turis sama sj membunuhi rakyat. Keselamatan bangsa dia…;Sat Apr 18 02:05:50 +0000 2020;PangaloanRizal
"RT @Bang_N_E_O: Keluar terancam mati karena corona, diam dirumah terancam mati kelaparan.

Nekat Berjualan Daripada Mati Kelaparan

#Corona…";Sat Apr 18 02:01:21 +0000 2020;Yasmin15889819
"RT @YongL4dy: Pemerintah Beri Dana Triliunan Untuk Ruangguru, Said Didu: Baru Kali Ini Nepotisme Dipertontonkan Istana Secara Terbuka

#Cor…";Sat Apr 18 02:00:05 +0000 2020;sinaga_sully
"RT @demoSoCRAZY: Pemerintah Beri Dana Triliunan Untuk Ruangguru

??@msaid_didu : Baru Kali Ini Nepotisme Dipertontonkan Istana Secara Terbuk…";Sat Apr 18 01:57:41 +0000 2020;Adudu7231
"RT @Mbobz17: Mana surat rekomendasinya pak???

#CoronaBungkamSkandalKorupsi

https://t.co/PDi60alpMZ";Sat Apr 18 01:57:12 +0000 2020;2Dablo
"RT @ekonomi_jeblok: Prediksi 8.000 Warga Akan Kena Corona, Anies Buat Tempat Isolasi di GOR|
BEDA MEMANG
Salut..antisipasi sdh dilakukan, d…";Sat Apr 18 01:54:12 +0000 2020;radensastro7579
"RT @cangkeureuheun: #CoronaBungkamSkandalKorupsi

??ini akibat plecinden kurang faham aturan dan etika? 

Atau naluri garong lebih kuat? 

A…";Sat Apr 18 01:53:00 +0000 2020;radensastro7579
"RT @abun___: #CoronaBungkamSkandalKorupsi
#CoronaBungkamSkandalKorupsi

Pak polisi Kalian sebenarnya pelayan dan pengayom rakyat atau alat…";Sat Apr 18 01:52:51 +0000 2020;radensastro7579
"RT @Fariez_Abbasy: Jaksa KPK membuka percakapan WA
SekJen PDIP Hasto K dgn terdakwa penyuap Kom KPU Wahyu S, Saeful B. Isinya mengungkap du…";Sat Apr 18 01:47:34 +0000 2020;JondresyT
Kalau memang turun ya hrsnya diturunkan, BBM turun setidaknya dpt membantu meringankan beban Rakyat saat ini.… https://t.co/SOLIIau0Mk;Sat Apr 18 01:44:21 +0000 2020;Nu_gr0_h0_2011
"RT @Doraemon1168: Kabupaten-Kota di Jabar Minta Pemberhentian Sementara KRL

Hadeeeh ??????

#CoronaBungkamSkandalKorupsi
#CoronaBungkamSkanda…";Sat Apr 18 01:44:11 +0000 2020;IyanSatria8
"RT @4yesha_Nay: #CoronaBungkamSkandalKorupsi
#CoronaBungkamSkandalKorupsi

34 Mahasiswa Bethel Petamburan Positif Corona, Kemungkinan Berta…";Sat Apr 18 01:43:55 +0000 2020;JalananSyair
"RT @Bang_N_E_O: Kritik tajam dedi gumelar terkait covid-19

#CoronaBungkamSkandalKorupsi 
#CoronaBungkamSkandalKorupsi https://t.co/OvAyiTa…";Sat Apr 18 01:43:00 +0000 2020;panembahansepuh
"Untuk manjadi jujur itu memang sulit bagi orang suka berbohong.

#TurunkanHargaBBM
#BubarkanStafsusPresiden… https://t.co/n4kCQDjUvs";Sat Apr 18 01:38:18 +0000 2020;Nu_gr0_h0_2011
RT @4yesha_Nay: Pandemi virus Corona (COVID-19) membuat semakin banyak buruh yang dirumahkan dan kena PHK. Totalnya jika digabungkan telah…;Sat Apr 18 01:35:26 +0000 2020;dharmayd1
"RT @YongL4dy: Pemerintah Beri Dana Triliunan Untuk Ruangguru, Said Didu: Baru Kali Ini Nepotisme Dipertontonkan Istana Secara Terbuka

#Cor…";Sat Apr 18 01:35:21 +0000 2020;H_Salvani
"RT @MudjiburRohman: ?S??t??a??f??s??u??s?
#CoronaBungkamSkandalKorupsi https://t.co/W6ptvsWA8z";Sat Apr 18 01:31:41 +0000 2020;pratamaadlian
"RT @cangkeureuheun: #CoronaBungkamSkandalKorupsi

??ini akibat plecinden kurang faham aturan dan etika? 

Atau naluri garong lebih kuat? 

A…";Sat Apr 18 01:29:28 +0000 2020;AyamKam83175751
"RT @HDouboegiez: Ruangguru Dapat Proyek Triliunan, Said Didu: Baru Kali Ini Nepotisme Di Istana Dipertontonkan Terbuka

#CoronaBungkamSkand…";Sat Apr 18 01:29:10 +0000 2020;Masartono
"RT @ekonomi_jeblok: Prediksi 8.000 Warga Akan Kena Corona, Anies Buat Tempat Isolasi di GOR|
BEDA MEMANG
Salut..antisipasi sdh dilakukan, d…";Sat Apr 18 01:27:02 +0000 2020;kuwungkuwung1
"RT @demoSoCRAZY: Pemerintah Beri Dana Triliunan Untuk Ruangguru

??@msaid_didu : Baru Kali Ini Nepotisme Dipertontonkan Istana Secara Terbuk…";Sat Apr 18 01:26:40 +0000 2020;BatubaraFahreza
"RT @McKayo_68: Menurut anda survei ini :

??????

Silahkan  ??????

RT    ??    Tidak percaya 
Like. ?.     Percaya 

#CoronaBungkamSkandalKorupsi…";Sat Apr 18 01:21:33 +0000 2020;vandhermoenss
"RT @YongL4dy: Pemerintah Beri Dana Triliunan Untuk Ruangguru, Said Didu: Baru Kali Ini Nepotisme Dipertontonkan Istana Secara Terbuka

#Cor…";Sat Apr 18 01:19:30 +0000 2020;Rakyat18962192
"RT @0O1972419: Coba sebutin hebatnya dia apa ?
Pasti pemuja bisa nyebutin...

Me : ?? Janji, Janji dan janji lagi

Up with hastag ??
#CoronaB…";Sat Apr 18 01:19:20 +0000 2020;BatubaraFahreza
"RT @ofMOM: Karena hebat belum tentu selamat.

#CoronaBungkamSkandalKorupsi";Sat Apr 18 01:17:28 +0000 2020;Mimi__LR
"RT @anyendia: saat y lain menerapkan SocialDistancing &amp; WorkFromHome, para medis justru tak prnah bsa plg tpat waktu bhkan standby smalaman…";Sat Apr 18 01:16:35 +0000 2020;ChichiChimarh
"RT @4yesha_Nay: #CoronaBungkamSkandalKorupsi
#CoronaBungkamSkandalKorupsi

Menko Perekonomian Airlangga Hartarto Blak-blakan Kartu Pra-kerj…";Sat Apr 18 01:15:20 +0000 2020;Bule_97
"RT @udalamodirantau: https://t.co/3o60FzWFQp lewat @okezonenews
Wali Kota Bekasi Rahmat Effendi menyetujui penghentian sementara operasiona…";Sat Apr 18 01:14:53 +0000 2020;Bule_97
"RT @abun___: #CoronaBungkamSkandalKorupsi
#CoronaBungkamSkandalKorupsi

Pak polisi Kalian sebenarnya pelayan dan pengayom rakyat atau alat…";Sat Apr 18 01:14:12 +0000 2020;go_jali
RT @uda_aden: Patung Dewa Khong Co Kwan Sing Tee Koen di Kelenteng Kwan Sing Bio mendadak runtuh. Yang tersisa dari patung setinggi 30 mete…;Sat Apr 18 01:07:16 +0000 2020;AlangBabega766
"RT @Kuusebut_namaMu: Guys....
IMF kaya bangetttt dah ????
100 negara mau berhutang pada IMF.

Kira², pemilik IMF siapa ya?
Ingin hatiku pedek…";Sat Apr 18 01:03:54 +0000 2020;dharmayd1
"RT @Fariez_Abbasy: Jaksa KPK membuka percakapan WA
SekJen PDIP Hasto K dgn terdakwa penyuap Kom KPU Wahyu S, Saeful B. Isinya mengungkap du…";Sat Apr 18 01:01:20 +0000 2020;dondi_zulheri
"RT @4yesha_Nay: Bantuannya berupa 50 ton beras, 10 ribu hazmat suit hingga alat disinfektan...

MasyaAllah Rumah Yatim

#CoronaBungkamSkand…";Sat Apr 18 01:00:52 +0000 2020;The12Sun
"RT @Pikachu_qu: Penundaan pemberitahuan selama 6 hari yang berakibat fatal keseluruh negara.

Dpatkah kalian dituntut atas kelalaian kalian…";Sat Apr 18 01:00:48 +0000 2020;Xavier11369516
"Mati skrg sma mati hari ini ttp aja judulnya ""MATI""
maju terus pantang mundur
#CoronaBungkamSkandalKorupsi https://t.co/UcYjS84Ocd";Sat Apr 18 00:58:36 +0000 2020;acretta
"RT @HDouboegiez: Ruangguru Dapat Proyek Triliunan, Said Didu: Baru Kali Ini Nepotisme Di Istana Dipertontonkan Terbuka

#CoronaBungkamSkand…";Sat Apr 18 00:51:20 +0000 2020;ArbiMoeslim
RT @D14h_Soew4rn02: Nggenjot pemasukan negara ditengah pandemi corona dgn mengundang turis sama sj membunuhi rakyat. Keselamatan bangsa dia…;Sat Apr 18 00:50:58 +0000 2020;1MenujuDamai
"RT @4yesha_Nay: Bantuannya berupa 50 ton beras, 10 ribu hazmat suit hingga alat disinfektan...

MasyaAllah Rumah Yatim

#CoronaBungkamSkand…";Sat Apr 18 00:47:32 +0000 2020;H3N1_BangoR
"RT @ekonomi_jeblok: Prediksi 8.000 Warga Akan Kena Corona, Anies Buat Tempat Isolasi di GOR|
BEDA MEMANG
Salut..antisipasi sdh dilakukan, d…";Sat Apr 18 00:47:24 +0000 2020;deoeyi
"RT @anyendia: saat y lain menerapkan SocialDistancing &amp; WorkFromHome, para medis justru tak prnah bsa plg tpat waktu bhkan standby smalaman…";Sat Apr 18 00:46:31 +0000 2020;evereeze
RT @D14h_Soew4rn02: Nggenjot pemasukan negara ditengah pandemi corona dgn mengundang turis sama sj membunuhi rakyat. Keselamatan bangsa dia…;Sat Apr 18 00:45:44 +0000 2020;SSyuban
"RT @Bang_N_E_O: Kritik tajam dedi gumelar terkait covid-19

#CoronaBungkamSkandalKorupsi 
#CoronaBungkamSkandalKorupsi https://t.co/OvAyiTa…";Sat Apr 18 00:44:37 +0000 2020;Rakyat18962192
